Index,DAY,School,SchoolType,StartTime,AvgMaxDailyTemp,AvgMinDailyTemp,AvgIndoorRelativeHumidity,IndoorTempDuringSurvey,Grade,Gender,FormalClothing,TotalCLOwithChair,SwC,MC,TSV
939,1.0,3.0,1.0,3.0,22.4,10.1,46.3,17.0,5.0,0.0,1.0,1.16,1.0,4.0,
0,1.0,3.0,1.0,3.0,22.4,10.1,46.3,17.0,5.0,0.0,1.0,1.16,1.0,4.0,0.0
1,1.0,3.0,1.0,3.0,22.4,10.1,46.3,17.0,3.0,0.0,1.0,1.16,1.0,4.0,0.0
2,1.0,3.0,1.0,3.0,22.4,10.1,46.3,17.0,4.0,0.0,1.0,1.16,1.0,4.0,0.0
183,2.0,1.0,0.0,5.0,20.5,5.0,57.53,15.3,5.0,0.0,0.0,1.04,2.0,4.0,
0,2.0,1.0,0.0,5.0,20.5,5.0,57.53,15.3,4.0,0.0,0.0,1.04,2.0,4.0,0.0
1,2.0,1.0,0.0,5.0,20.5,5.0,57.53,15.3,3.0,0.0,0.0,1.04,2.0,4.0,0.0
2,2.0,1.0,0.0,5.0,20.5,5.0,57.53,15.3,5.0,0.0,0.0,1.04,2.0,4.0,0.0
2020,2.0,5.0,1.0,3.0,20.6,4.6,52.4,14.9,5.0,1.0,0.0,1.57,1.0,1.0,
0,2.0,5.0,1.0,3.0,20.6,4.6,52.4,14.9,3.0,1.0,0.0,1.57,1.0,1.0,0.0
1,2.0,5.0,1.0,3.0,20.6,4.6,52.4,14.9,4.0,1.0,0.0,1.57,1.0,1.0,0.0
2,2.0,5.0,1.0,3.0,20.6,4.6,52.4,14.9,5.0,1.0,0.0,1.57,1.0,1.0,0.0
260,3.0,1.0,0.0,3.0,22.2,5.2,60.4,14.4,4.0,1.0,0.0,1.26,2.0,4.0,
0,3.0,1.0,0.0,3.0,22.2,5.2,60.4,14.4,4.0,1.0,0.0,1.26,2.0,4.0,0.0
1,3.0,1.0,0.0,3.0,22.2,5.2,60.4,14.4,5.0,1.0,0.0,1.26,2.0,4.0,0.0
2,3.0,1.0,0.0,3.0,22.2,5.2,60.4,14.4,3.0,1.0,0.0,1.26,2.0,4.0,0.0
1266,4.0,3.0,1.0,1.0,17.6,8.4,64.0,14.1,3.0,0.0,1.0,1.46,2.0,4.0,
0,4.0,3.0,1.0,1.0,17.6,8.4,64.0,14.1,5.0,0.0,1.0,1.46,2.0,4.0,0.0
1,4.0,3.0,1.0,1.0,17.6,8.4,64.0,14.1,3.0,0.0,1.0,1.46,2.0,4.0,0.0
2,4.0,3.0,1.0,1.0,17.6,8.4,64.0,14.1,4.0,0.0,1.0,1.46,2.0,4.0,0.0
38,1.0,1.0,0.0,4.0,22.2,5.1,44.23,17.5,4.0,0.0,0.0,1.26,2.0,4.0,
0,1.0,1.0,0.0,4.0,22.2,5.1,44.23,17.5,3.0,0.0,0.0,1.26,2.0,4.0,0.0
1,1.0,1.0,0.0,4.0,22.2,5.1,44.23,17.5,5.0,0.0,0.0,1.26,2.0,4.0,0.0
2,1.0,1.0,0.0,4.0,22.2,5.1,44.23,17.5,4.0,0.0,0.0,1.26,2.0,4.0,0.0
795,4.0,2.0,1.0,1.0,24.2,6.0,60.3,15.8,3.0,0.0,0.0,0.9,2.0,2.0,
0,4.0,2.0,1.0,1.0,24.2,6.0,60.3,15.8,5.0,0.0,0.0,0.9,2.0,2.0,0.0
1,4.0,2.0,1.0,1.0,24.2,6.0,60.3,15.8,3.0,0.0,0.0,0.9,2.0,2.0,0.0
2,4.0,2.0,1.0,1.0,24.2,6.0,60.3,15.8,4.0,0.0,0.0,0.9,2.0,2.0,0.0
492,5.0,1.0,0.0,2.0,24.2,6.0,58.9,15.6,4.0,0.0,0.0,1.26,2.0,4.0,
0,5.0,1.0,0.0,2.0,24.2,6.0,58.9,15.6,4.0,0.0,0.0,1.26,2.0,4.0,0.0
1,5.0,1.0,0.0,2.0,24.2,6.0,58.9,15.6,3.0,0.0,0.0,1.26,2.0,4.0,0.0
2,5.0,1.0,0.0,2.0,24.2,6.0,58.9,15.6,5.0,0.0,0.0,1.26,2.0,4.0,0.0
1582,3.0,4.0,1.0,1.0,20.0,8.8,60.5,13.6,3.0,0.0,1.0,1.5,2.0,4.0,
0,3.0,4.0,1.0,1.0,20.0,8.8,60.5,13.6,4.0,0.0,1.0,1.5,2.0,4.0,0.0
1,3.0,4.0,1.0,1.0,20.0,8.8,60.5,13.6,5.0,0.0,1.0,1.5,2.0,4.0,0.0
2,3.0,4.0,1.0,1.0,20.0,8.8,60.5,13.6,3.0,0.0,1.0,1.5,2.0,4.0,0.0
899,1.0,3.0,1.0,2.0,22.4,10.1,48.6,17.0,4.0,1.0,1.0,1.69,2.0,4.0,
0,1.0,3.0,1.0,2.0,22.4,10.1,48.6,17.0,5.0,1.0,1.0,1.69,2.0,4.0,0.0
1,1.0,3.0,1.0,2.0,22.4,10.1,48.6,17.0,4.0,1.0,1.0,1.69,2.0,4.0,0.0
2,1.0,3.0,1.0,2.0,22.4,10.1,48.6,17.0,3.0,1.0,1.0,1.69,2.0,4.0,0.0
972,1.0,3.0,1.0,3.0,22.4,10.1,46.3,17.0,5.0,1.0,1.0,1.69,2.0,4.0,
0,1.0,3.0,1.0,3.0,22.4,10.1,46.3,17.0,5.0,1.0,1.0,1.69,2.0,4.0,0.0
1,1.0,3.0,1.0,3.0,22.4,10.1,46.3,17.0,3.0,1.0,1.0,1.69,2.0,4.0,0.0
2,1.0,3.0,1.0,3.0,22.4,10.1,46.3,17.0,4.0,1.0,1.0,1.69,2.0,4.0,0.0
1376,4.0,3.0,1.0,2.0,17.6,8.4,69.9,13.4,5.0,1.0,1.0,1.38,2.0,4.0,
0,4.0,3.0,1.0,2.0,17.6,8.4,69.9,13.4,5.0,1.0,1.0,1.38,2.0,4.0,0.0
1,4.0,3.0,1.0,2.0,17.6,8.4,69.9,13.4,4.0,1.0,1.0,1.38,2.0,4.0,0.0
2,4.0,3.0,1.0,2.0,17.6,8.4,69.9,13.4,3.0,1.0,1.0,1.38,2.0,4.0,0.0
1479,2.0,4.0,1.0,1.0,19.6,6.6,59.6,14.8,3.0,1.0,1.0,1.69,2.0,4.0,
192,2.0,1.0,0.0,5.0,20.5,5.0,57.53,15.3,5.0,0.0,0.0,1.26,2.0,4.0,
0,2.0,1.0,0.0,5.0,20.5,5.0,57.53,15.3,4.0,0.0,0.0,1.26,2.0,4.0,0.0
1,2.0,1.0,0.0,5.0,20.5,5.0,57.53,15.3,5.0,0.0,0.0,1.26,2.0,4.0,0.0
2,2.0,1.0,0.0,5.0,20.5,5.0,57.53,15.3,3.0,0.0,0.0,1.26,2.0,4.0,0.0
1389,1.0,4.0,1.0,3.0,22.4,4.7,72.0,14.5,3.0,1.0,1.0,1.5,2.0,4.0,
0,1.0,4.0,1.0,3.0,22.4,4.7,72.0,14.5,5.0,1.0,1.0,1.5,2.0,4.0,0.0
1,1.0,4.0,1.0,3.0,22.4,4.7,72.0,14.5,4.0,1.0,1.0,1.5,2.0,4.0,0.0
2,1.0,4.0,1.0,3.0,22.4,4.7,72.0,14.5,3.0,1.0,1.0,1.5,2.0,4.0,0.0
1433,1.0,4.0,1.0,4.0,22.4,4.7,65.2,14.4,4.0,1.0,1.0,1.69,2.0,3.0,
0,1.0,4.0,1.0,4.0,22.4,4.7,65.2,14.4,3.0,1.0,1.0,1.69,2.0,3.0,0.0
1,1.0,4.0,1.0,4.0,22.4,4.7,65.2,14.4,4.0,1.0,1.0,1.69,2.0,3.0,0.0
2,1.0,4.0,1.0,4.0,22.4,4.7,65.2,14.4,5.0,1.0,1.0,1.69,2.0,3.0,0.0
732,3.0,2.0,1.0,1.0,22.9,6.6,57.2,14.1,4.0,1.0,1.0,1.19,2.0,4.0,
0,3.0,2.0,1.0,1.0,22.9,6.6,57.2,14.1,3.0,1.0,1.0,1.19,2.0,4.0,0.0
1,3.0,2.0,1.0,1.0,22.9,6.6,57.2,14.1,4.0,1.0,1.0,1.19,2.0,4.0,0.0
2,3.0,2.0,1.0,1.0,22.9,6.6,57.2,14.1,5.0,1.0,1.0,1.19,2.0,4.0,0.0
136,2.0,1.0,0.0,5.0,20.5,5.0,66.39,15.1,4.0,0.0,0.0,0.9,2.0,4.0,
0,2.0,1.0,0.0,5.0,20.5,5.0,66.39,15.1,5.0,0.0,0.0,0.9,2.0,4.0,0.0
1,2.0,1.0,0.0,5.0,20.5,5.0,66.39,15.1,3.0,0.0,0.0,0.9,2.0,4.0,0.0
2,2.0,1.0,0.0,5.0,20.5,5.0,66.39,15.1,4.0,0.0,0.0,0.9,2.0,4.0,0.0
1283,4.0,3.0,1.0,1.0,17.6,8.4,64.0,14.1,3.0,1.0,1.0,1.69,2.0,4.0,
0,4.0,3.0,1.0,1.0,17.6,8.4,64.0,14.1,3.0,1.0,1.0,1.69,2.0,4.0,0.0
304,3.0,1.0,0.0,4.0,22.2,5.2,58.2,14.9,5.0,0.0,0.0,1.21,2.0,4.0,
0,3.0,1.0,0.0,4.0,22.2,5.2,58.2,14.9,5.0,0.0,0.0,1.21,2.0,4.0,0.0
1,3.0,1.0,0.0,4.0,22.2,5.2,58.2,14.9,4.0,0.0,0.0,1.21,2.0,4.0,0.0
2,3.0,1.0,0.0,4.0,22.2,5.2,58.2,14.9,3.0,0.0,0.0,1.21,2.0,4.0,0.0
1554,2.0,4.0,1.0,2.0,19.6,6.6,60.7,13.0,5.0,0.0,0.0,1.26,2.0,4.0,
0,2.0,4.0,1.0,2.0,19.6,6.6,60.7,13.0,5.0,0.0,0.0,1.26,2.0,4.0,0.0
1,2.0,4.0,1.0,2.0,19.6,6.6,60.7,13.0,3.0,0.0,0.0,1.26,2.0,4.0,0.0
2,2.0,4.0,1.0,2.0,19.6,6.6,60.7,13.0,4.0,0.0,0.0,1.26,2.0,4.0,0.0
941,1.0,3.0,1.0,3.0,22.4,10.1,46.3,17.0,5.0,0.0,1.0,1.38,2.0,4.0,
0,1.0,3.0,1.0,3.0,22.4,10.1,46.3,17.0,4.0,0.0,1.0,1.38,2.0,4.0,0.0
1,1.0,3.0,1.0,3.0,22.4,10.1,46.3,17.0,5.0,0.0,1.0,1.38,2.0,4.0,0.0
2,1.0,3.0,1.0,3.0,22.4,10.1,46.3,17.0,3.0,0.0,1.0,1.38,2.0,4.0,0.0
734,3.0,2.0,1.0,1.0,22.9,6.6,60.0,14.1,4.0,1.0,1.0,1.61,2.0,2.0,
0,3.0,2.0,1.0,1.0,22.9,6.6,60.0,14.1,4.0,1.0,1.0,1.61,2.0,2.0,0.0
1,3.0,2.0,1.0,1.0,22.9,6.6,60.0,14.1,5.0,1.0,1.0,1.61,2.0,2.0,0.0
2,3.0,2.0,1.0,1.0,22.9,6.6,60.0,14.1,3.0,1.0,1.0,1.61,2.0,2.0,0.0
1573,2.0,4.0,1.0,2.0,19.6,6.6,60.7,13.0,5.0,1.0,0.0,1.07,2.0,4.0,
0,2.0,4.0,1.0,2.0,19.6,6.6,60.7,13.0,3.0,1.0,0.0,1.07,2.0,4.0,0.0
1,2.0,4.0,1.0,2.0,19.6,6.6,60.7,13.0,4.0,1.0,0.0,1.07,2.0,4.0,0.0
1495,2.0,4.0,1.0,1.0,19.6,6.6,59.6,14.8,3.0,0.0,1.0,1.69,2.0,4.0,
0,2.0,4.0,1.0,1.0,19.6,6.6,59.6,14.8,4.0,0.0,1.0,1.69,2.0,4.0,0.0
1,2.0,4.0,1.0,1.0,19.6,6.6,59.6,14.8,5.0,0.0,1.0,1.69,2.0,4.0,0.0
2,2.0,4.0,1.0,1.0,19.6,6.6,59.6,14.8,3.0,0.0,1.0,1.69,2.0,4.0,0.0
1361,4.0,3.0,1.0,2.0,17.6,8.4,69.9,13.4,5.0,0.0,1.0,1.55,2.0,4.0,
0,4.0,3.0,1.0,2.0,17.6,8.4,69.9,13.4,5.0,0.0,1.0,1.55,2.0,4.0,0.0
1569,2.0,4.0,1.0,2.0,19.6,6.6,60.7,13.0,5.0,1.0,0.0,0.9,2.0,4.0,
1904,1.0,5.0,1.0,3.0,20.8,4.2,58.9,14.9,3.0,1.0,1.0,1.69,2.0,4.0,
0,1.0,5.0,1.0,3.0,20.8,4.2,58.9,14.9,3.0,1.0,1.0,1.69,2.0,4.0,0.0
1,1.0,5.0,1.0,3.0,20.8,4.2,58.9,14.9,5.0,1.0,1.0,1.69,2.0,4.0,0.0
2,1.0,5.0,1.0,3.0,20.8,4.2,58.9,14.9,4.0,1.0,1.0,1.69,2.0,4.0,0.0
1213,3.0,3.0,1.0,2.0,21.2,5.6,60.9,14.0,5.0,0.0,1.0,1.55,2.0,4.0,
0,3.0,3.0,1.0,2.0,21.2,5.6,60.9,14.0,5.0,0.0,1.0,1.55,2.0,4.0,0.0
1,3.0,3.0,1.0,2.0,21.2,5.6,60.9,14.0,4.0,0.0,1.0,1.55,2.0,4.0,0.0
2,3.0,3.0,1.0,2.0,21.2,5.6,60.9,14.0,3.0,0.0,1.0,1.55,2.0,4.0,0.0
1265,4.0,3.0,1.0,1.0,17.6,8.4,64.0,14.1,3.0,0.0,1.0,1.44,2.0,4.0,
0,4.0,3.0,1.0,1.0,17.6,8.4,64.0,14.1,5.0,0.0,1.0,1.44,2.0,4.0,0.0
1,4.0,3.0,1.0,1.0,17.6,8.4,64.0,14.1,3.0,0.0,1.0,1.44,2.0,4.0,0.0
2,4.0,3.0,1.0,1.0,17.6,8.4,64.0,14.1,4.0,0.0,1.0,1.44,2.0,4.0,0.0
255,3.0,1.0,0.0,3.0,22.2,5.2,60.4,14.4,4.0,1.0,0.0,1.43,2.0,4.0,
0,3.0,1.0,0.0,3.0,22.2,5.2,60.4,14.4,3.0,1.0,0.0,1.43,2.0,4.0,0.0
1,3.0,1.0,0.0,3.0,22.2,5.2,60.4,14.4,4.0,1.0,0.0,1.43,2.0,4.0,0.0
2,3.0,1.0,0.0,3.0,22.2,5.2,60.4,14.4,5.0,1.0,0.0,1.43,2.0,4.0,0.0
683,2.0,2.0,1.0,1.0,22.2,5.2,56.9,13.5,4.0,1.0,1.0,1.19,2.0,4.0,
0,2.0,2.0,1.0,1.0,22.2,5.2,56.9,13.5,3.0,1.0,1.0,1.19,2.0,4.0,0.0
1,2.0,2.0,1.0,1.0,22.2,5.2,56.9,13.5,5.0,1.0,1.0,1.19,2.0,4.0,0.0
2,2.0,2.0,1.0,1.0,22.2,5.2,56.9,13.5,4.0,1.0,1.0,1.19,2.0,4.0,0.0
1888,5.0,4.0,1.0,2.0,20.6,4.6,60.4,13.0,5.0,0.0,1.0,1.55,2.0,4.0,
0,5.0,4.0,1.0,2.0,20.6,4.6,60.4,13.0,3.0,0.0,1.0,1.55,2.0,4.0,0.0
1,5.0,4.0,1.0,2.0,20.6,4.6,60.4,13.0,4.0,0.0,1.0,1.55,2.0,4.0,0.0
2,5.0,4.0,1.0,2.0,20.6,4.6,60.4,13.0,5.0,0.0,1.0,1.55,2.0,4.0,0.0
1215,3.0,3.0,1.0,2.0,21.2,5.6,60.9,14.0,5.0,1.0,1.0,1.55,2.0,4.0,
0,3.0,3.0,1.0,2.0,21.2,5.6,60.9,14.0,5.0,1.0,1.0,1.55,2.0,4.0,0.0
1,3.0,3.0,1.0,2.0,21.2,5.6,60.9,14.0,4.0,1.0,1.0,1.55,2.0,4.0,0.0
2,3.0,3.0,1.0,2.0,21.2,5.6,60.9,14.0,3.0,1.0,1.0,1.55,2.0,4.0,0.0
925,1.0,3.0,1.0,2.0,22.4,10.1,48.6,17.0,4.0,1.0,1.0,1.69,2.0,4.0,
0,1.0,3.0,1.0,2.0,22.4,10.1,48.6,17.0,5.0,1.0,1.0,1.69,2.0,4.0,0.0
1,1.0,3.0,1.0,2.0,22.4,10.1,48.6,17.0,3.0,1.0,1.0,1.69,2.0,4.0,0.0
2,1.0,3.0,1.0,2.0,22.4,10.1,48.6,17.0,4.0,1.0,1.0,1.69,2.0,4.0,0.0
108,2.0,1.0,0.0,4.0,20.5,5.0,66.39,15.6,3.0,0.0,0.0,1.21,2.0,4.0,
0,2.0,1.0,0.0,4.0,20.5,5.0,66.39,15.6,4.0,0.0,0.0,1.21,2.0,4.0,0.0
1,2.0,1.0,0.0,4.0,20.5,5.0,66.39,15.6,3.0,0.0,0.0,1.21,2.0,4.0,0.0
2,2.0,1.0,0.0,4.0,20.5,5.0,66.39,15.6,5.0,0.0,0.0,1.21,2.0,4.0,0.0
439,5.0,1.0,0.0,2.0,24.2,6.0,53.3,15.1,3.0,1.0,0.0,1.4,2.0,4.0,
0,5.0,1.0,0.0,2.0,24.2,6.0,53.3,15.1,4.0,1.0,0.0,1.4,2.0,4.0,0.0
1,5.0,1.0,0.0,2.0,24.2,6.0,53.3,15.1,3.0,1.0,0.0,1.4,2.0,4.0,0.0
2,5.0,1.0,0.0,2.0,24.2,6.0,53.3,15.1,5.0,1.0,0.0,1.4,2.0,4.0,0.0
428,4.0,1.0,0.0,3.0,22.9,6.6,53.3,16.0,5.0,1.0,1.0,1.25,3.0,4.0,
1214,3.0,3.0,1.0,2.0,21.2,5.6,60.9,14.0,5.0,1.0,1.0,1.55,2.0,4.0,
0,3.0,3.0,1.0,2.0,21.2,5.6,60.9,14.0,3.0,1.0,1.0,1.55,2.0,4.0,0.0
1,3.0,3.0,1.0,2.0,21.2,5.6,60.9,14.0,5.0,1.0,1.0,1.55,2.0,4.0,0.0
2,3.0,3.0,1.0,2.0,21.2,5.6,60.9,14.0,4.0,1.0,1.0,1.55,2.0,4.0,0.0
386,4.0,1.0,0.0,3.0,22.9,6.6,54.6,14.0,4.0,0.0,0.0,1.21,2.0,4.0,
0,4.0,1.0,0.0,3.0,22.9,6.6,54.6,14.0,4.0,0.0,0.0,1.21,2.0,4.0,0.0
1,4.0,1.0,0.0,3.0,22.9,6.6,54.6,14.0,3.0,0.0,0.0,1.21,2.0,4.0,0.0
2,4.0,1.0,0.0,3.0,22.9,6.6,54.6,14.0,5.0,0.0,0.0,1.21,2.0,4.0,0.0
639,2.0,2.0,1.0,1.0,22.2,5.2,65.0,14.6,3.0,1.0,1.0,1.77,2.0,1.0,
0,2.0,2.0,1.0,1.0,22.2,5.2,65.0,14.6,5.0,1.0,1.0,1.77,2.0,1.0,0.0
1,2.0,2.0,1.0,1.0,22.2,5.2,65.0,14.6,4.0,1.0,1.0,1.77,2.0,1.0,0.0
2,2.0,2.0,1.0,1.0,22.2,5.2,65.0,14.6,3.0,1.0,1.0,1.77,2.0,1.0,0.0
377,4.0,1.0,0.0,3.0,22.9,6.6,59.0,14.0,4.0,1.0,0.0,1.21,2.0,4.0,
0,4.0,1.0,0.0,3.0,22.9,6.6,59.0,14.0,5.0,1.0,0.0,1.21,2.0,4.0,0.0
1,4.0,1.0,0.0,3.0,22.9,6.6,59.0,14.0,3.0,1.0,0.0,1.21,2.0,4.0,0.0
2,4.0,1.0,0.0,3.0,22.9,6.6,59.0,14.0,4.0,1.0,0.0,1.21,2.0,4.0,0.0
947,1.0,3.0,1.0,3.0,22.4,10.1,46.3,17.0,5.0,0.0,1.0,1.72,2.0,4.0,
0,1.0,3.0,1.0,3.0,22.4,10.1,46.3,17.0,3.0,0.0,1.0,1.72,2.0,4.0,0.0
1,1.0,3.0,1.0,3.0,22.4,10.1,46.3,17.0,5.0,0.0,1.0,1.72,2.0,4.0,0.0
2,1.0,3.0,1.0,3.0,22.4,10.1,46.3,17.0,4.0,0.0,1.0,1.72,2.0,4.0,0.0
290,3.0,1.0,0.0,4.0,22.2,5.2,58.2,14.9,5.0,0.0,0.0,1.04,2.0,4.0,
0,3.0,1.0,0.0,4.0,22.2,5.2,58.2,14.9,4.0,0.0,0.0,1.04,2.0,4.0,0.0
1,3.0,1.0,0.0,4.0,22.2,5.2,58.2,14.9,5.0,0.0,0.0,1.04,2.0,4.0,0.0
2,3.0,1.0,0.0,4.0,22.2,5.2,58.2,14.9,3.0,0.0,0.0,1.04,2.0,4.0,0.0
1785,4.0,4.0,1.0,2.0,20.8,4.2,69.3,14.2,5.0,0.0,1.0,1.55,2.0,4.0,
0,4.0,4.0,1.0,2.0,20.8,4.2,69.3,14.2,5.0,0.0,1.0,1.55,2.0,4.0,0.0
1615,3.0,4.0,1.0,2.0,20.0,8.8,67.4,13.0,4.0,1.0,0.0,1.21,2.0,4.0,
0,3.0,4.0,1.0,2.0,20.0,8.8,67.4,13.0,3.0,1.0,0.0,1.21,2.0,4.0,0.0
1,3.0,4.0,1.0,2.0,20.0,8.8,67.4,13.0,4.0,1.0,0.0,1.21,2.0,4.0,0.0
462,5.0,1.0,0.0,2.0,24.2,6.0,58.9,15.1,3.0,0.0,0.0,1.12,1.0,4.0,
0,5.0,1.0,0.0,2.0,24.2,6.0,58.9,15.1,4.0,0.0,0.0,1.12,1.0,4.0,0.0
1,5.0,1.0,0.0,2.0,24.2,6.0,58.9,15.1,5.0,0.0,0.0,1.12,1.0,4.0,0.0
2,5.0,1.0,0.0,2.0,24.2,6.0,58.9,15.1,3.0,0.0,0.0,1.12,1.0,4.0,0.0
1413,1.0,4.0,1.0,4.0,22.4,4.7,65.2,14.4,4.0,1.0,1.0,1.69,2.0,4.0,
0,1.0,4.0,1.0,4.0,22.4,4.7,65.2,14.4,4.0,1.0,1.0,1.69,2.0,4.0,0.0
1,1.0,4.0,1.0,4.0,22.4,4.7,65.2,14.4,3.0,1.0,1.0,1.69,2.0,4.0,0.0
881,1.0,3.0,1.0,1.0,22.4,10.1,49.9,16.7,3.0,1.0,1.0,1.69,2.0,4.0,
0,1.0,3.0,1.0,1.0,22.4,10.1,49.9,16.7,4.0,1.0,1.0,1.69,2.0,4.0,0.0
1,1.0,3.0,1.0,1.0,22.4,10.1,49.9,16.7,5.0,1.0,1.0,1.69,2.0,4.0,0.0
2,1.0,3.0,1.0,1.0,22.4,10.1,49.9,16.7,3.0,1.0,1.0,1.69,2.0,4.0,0.0
447,5.0,1.0,0.0,2.0,24.2,6.0,53.3,15.1,3.0,0.0,0.0,1.04,2.0,4.0,
19,1.0,1.0,0.0,3.0,22.2,5.1,55.1,14.5,3.0,1.0,0.0,1.07,2.0,4.0,
0,1.0,1.0,0.0,3.0,22.2,5.1,55.1,14.5,4.0,1.0,0.0,1.07,2.0,4.0,0.0
1,1.0,1.0,0.0,3.0,22.2,5.1,55.1,14.5,5.0,1.0,0.0,1.07,2.0,4.0,0.0
2,1.0,1.0,0.0,3.0,22.2,5.1,55.1,14.5,3.0,1.0,0.0,1.07,2.0,4.0,0.0
1541,2.0,4.0,1.0,2.0,19.6,6.6,65.2,14.1,4.0,1.0,1.0,1.55,2.0,4.0,
0,2.0,4.0,1.0,2.0,19.6,6.6,65.2,14.1,3.0,1.0,1.0,1.55,2.0,4.0,0.0
1,2.0,4.0,1.0,2.0,19.6,6.6,65.2,14.1,4.0,1.0,1.0,1.55,2.0,4.0,0.0
2,2.0,4.0,1.0,2.0,19.6,6.6,65.2,14.1,5.0,1.0,1.0,1.55,2.0,4.0,0.0
1286,4.0,3.0,1.0,1.0,17.6,8.4,64.0,14.1,3.0,1.0,1.0,1.33,2.0,4.0,
0,4.0,3.0,1.0,1.0,17.6,8.4,64.0,14.1,5.0,1.0,1.0,1.33,2.0,4.0,0.0
1,4.0,3.0,1.0,1.0,17.6,8.4,64.0,14.1,4.0,1.0,1.0,1.33,2.0,4.0,0.0
318,4.0,1.0,0.0,3.0,22.9,6.6,60.3,14.0,3.0,1.0,0.0,1.43,2.0,4.0,
0,4.0,1.0,0.0,3.0,22.9,6.6,60.3,14.0,5.0,1.0,0.0,1.43,2.0,4.0,0.0
1,4.0,1.0,0.0,3.0,22.9,6.6,60.3,14.0,4.0,1.0,0.0,1.43,2.0,4.0,0.0
2,4.0,1.0,0.0,3.0,22.9,6.6,60.3,14.0,3.0,1.0,0.0,1.43,2.0,4.0,0.0
840,4.0,2.0,1.0,1.0,24.2,6.0,59.9,15.4,4.0,1.0,1.0,1.13,2.0,4.0,
0,4.0,2.0,1.0,1.0,24.2,6.0,59.9,15.4,3.0,1.0,1.0,1.13,2.0,4.0,0.0
1,4.0,2.0,1.0,1.0,24.2,6.0,59.9,15.4,4.0,1.0,1.0,1.13,2.0,4.0,0.0
2,4.0,2.0,1.0,1.0,24.2,6.0,59.9,15.4,5.0,1.0,1.0,1.13,2.0,4.0,0.0
1445,1.0,4.0,1.0,5.0,22.4,4.7,68.1,14.4,5.0,1.0,1.0,1.32,2.0,4.0,
0,1.0,4.0,1.0,5.0,22.4,4.7,68.1,14.4,4.0,1.0,1.0,1.32,2.0,4.0,0.0
1,1.0,4.0,1.0,5.0,22.4,4.7,68.1,14.4,3.0,1.0,1.0,1.32,2.0,4.0,0.0
2,1.0,4.0,1.0,5.0,22.4,4.7,68.1,14.4,5.0,1.0,1.0,1.32,2.0,4.0,0.0
1775,4.0,4.0,1.0,2.0,20.8,4.2,69.3,14.2,5.0,1.0,1.0,1.16,2.0,4.0,
18,1.0,1.0,0.0,3.0,22.2,5.1,55.1,14.5,3.0,1.0,0.0,1.43,2.0,4.0,
0,1.0,1.0,0.0,3.0,22.2,5.1,55.1,14.5,4.0,1.0,0.0,1.43,2.0,4.0,0.0
1,1.0,1.0,0.0,3.0,22.2,5.1,55.1,14.5,5.0,1.0,0.0,1.43,2.0,4.0,0.0
2,1.0,1.0,0.0,3.0,22.2,5.1,55.1,14.5,3.0,1.0,0.0,1.43,2.0,4.0,0.0
311,4.0,1.0,0.0,3.0,22.9,6.6,58.2,14.1,3.0,0.0,0.0,1.21,2.0,4.0,
0,4.0,1.0,0.0,3.0,22.9,6.6,58.2,14.1,3.0,0.0,0.0,1.21,2.0,4.0,0.0
1,4.0,1.0,0.0,3.0,22.9,6.6,58.2,14.1,4.0,0.0,0.0,1.21,2.0,4.0,0.0
1461,1.0,4.0,1.0,5.0,22.4,4.7,68.1,13.1,5.0,1.0,1.0,1.3,2.0,4.0,
0,1.0,4.0,1.0,5.0,22.4,4.7,68.1,13.1,5.0,1.0,1.0,1.3,2.0,4.0,0.0
1,1.0,4.0,1.0,5.0,22.4,4.7,68.1,13.1,4.0,1.0,1.0,1.3,2.0,4.0,0.0
2,1.0,4.0,1.0,5.0,22.4,4.7,68.1,13.1,3.0,1.0,1.0,1.3,2.0,4.0,0.0
1319,4.0,3.0,1.0,2.0,17.6,8.4,62.2,14.0,4.0,0.0,1.0,1.49,2.0,4.0,
0,4.0,3.0,1.0,2.0,17.6,8.4,62.2,14.0,3.0,0.0,1.0,1.49,2.0,4.0,0.0
1,4.0,3.0,1.0,2.0,17.6,8.4,62.2,14.0,5.0,0.0,1.0,1.49,2.0,4.0,0.0
2,4.0,3.0,1.0,2.0,17.6,8.4,62.2,14.0,4.0,0.0,1.0,1.49,2.0,4.0,0.0
507,5.0,1.0,0.0,3.0,24.2,6.0,61.0,15.6,5.0,0.0,0.0,1.04,2.0,4.0,
0,5.0,1.0,0.0,3.0,24.2,6.0,61.0,15.6,5.0,0.0,0.0,1.04,2.0,4.0,0.0
1,5.0,1.0,0.0,3.0,24.2,6.0,61.0,15.6,4.0,0.0,0.0,1.04,2.0,4.0,0.0
2,5.0,1.0,0.0,3.0,24.2,6.0,61.0,15.6,3.0,0.0,0.0,1.04,2.0,4.0,0.0
1912,1.0,5.0,1.0,3.0,20.8,4.2,58.9,14.9,3.0,1.0,1.0,1.55,2.0,4.0,
0,1.0,5.0,1.0,3.0,20.8,4.2,58.9,14.9,5.0,1.0,1.0,1.55,2.0,4.0,0.0
610,2.0,2.0,1.0,1.0,22.2,5.2,63.8,14.6,3.0,0.0,1.0,1.55,2.0,1.0,
0,2.0,2.0,1.0,1.0,22.2,5.2,63.8,14.6,5.0,0.0,1.0,1.55,2.0,1.0,0.0
1,2.0,2.0,1.0,1.0,22.2,5.2,63.8,14.6,3.0,0.0,1.0,1.55,2.0,1.0,0.0
2,2.0,2.0,1.0,1.0,22.2,5.2,63.8,14.6,4.0,0.0,1.0,1.55,2.0,1.0,0.0
1985,2.0,5.0,1.0,3.0,20.6,4.6,59.0,13.9,3.0,0.0,0.0,1.43,2.0,4.0,
0,2.0,5.0,1.0,3.0,20.6,4.6,59.0,13.9,5.0,0.0,0.0,1.43,2.0,4.0,0.0
1,2.0,5.0,1.0,3.0,20.6,4.6,59.0,13.9,4.0,0.0,0.0,1.43,2.0,4.0,0.0
2,2.0,5.0,1.0,3.0,20.6,4.6,59.0,13.9,3.0,0.0,0.0,1.43,2.0,4.0,0.0
265,3.0,1.0,0.0,3.0,22.2,5.2,60.4,14.4,4.0,1.0,0.0,1.43,2.0,4.0,
0,3.0,1.0,0.0,3.0,22.2,5.2,60.4,14.4,5.0,1.0,0.0,1.43,2.0,4.0,0.0
1,3.0,1.0,0.0,3.0,22.2,5.2,60.4,14.4,4.0,1.0,0.0,1.43,2.0,4.0,0.0
2,3.0,1.0,0.0,3.0,22.2,5.2,60.4,14.4,3.0,1.0,0.0,1.43,2.0,4.0,0.0
234,3.0,1.0,0.0,3.0,22.2,5.2,60.4,13.8,3.0,1.0,0.0,1.21,2.0,4.0,
0,3.0,1.0,0.0,3.0,22.2,5.2,60.4,13.8,5.0,1.0,0.0,1.21,2.0,4.0,0.0
1,3.0,1.0,0.0,3.0,22.2,5.2,60.4,13.8,4.0,1.0,0.0,1.21,2.0,4.0,0.0
2,3.0,1.0,0.0,3.0,22.2,5.2,60.4,13.8,3.0,1.0,0.0,1.21,2.0,4.0,0.0
1966,1.0,5.0,1.0,4.0,20.8,4.2,59.1,15.1,5.0,1.0,1.0,1.55,2.0,4.0,
1356,4.0,3.0,1.0,2.0,17.6,8.4,69.9,13.4,5.0,1.0,1.0,1.11,2.0,2.0,
0,4.0,3.0,1.0,2.0,17.6,8.4,69.9,13.4,3.0,1.0,1.0,1.11,2.0,2.0,0.0
1,4.0,3.0,1.0,2.0,17.6,8.4,69.9,13.4,5.0,1.0,1.0,1.11,2.0,2.0,0.0
2,4.0,3.0,1.0,2.0,17.6,8.4,69.9,13.4,4.0,1.0,1.0,1.11,2.0,2.0,0.0
1956,1.0,5.0,1.0,4.0,20.8,4.2,59.1,15.1,5.0,0.0,1.0,1.71,2.0,4.0,
0,1.0,5.0,1.0,4.0,20.8,4.2,59.1,15.1,5.0,0.0,1.0,1.71,2.0,4.0,0.0
1,1.0,5.0,1.0,4.0,20.8,4.2,59.1,15.1,4.0,0.0,1.0,1.71,2.0,4.0,0.0
2,1.0,5.0,1.0,4.0,20.8,4.2,59.1,15.1,3.0,0.0,1.0,1.71,2.0,4.0,0.0
722,3.0,2.0,1.0,1.0,22.9,6.6,57.2,15.0,3.0,1.0,1.0,1.72,2.0,4.0,
0,3.0,2.0,1.0,1.0,22.9,6.6,57.2,15.0,3.0,1.0,1.0,1.72,2.0,4.0,0.0
1,3.0,2.0,1.0,1.0,22.9,6.6,57.2,15.0,4.0,1.0,1.0,1.72,2.0,4.0,0.0
2,3.0,2.0,1.0,1.0,22.9,6.6,57.2,15.0,5.0,1.0,1.0,1.72,2.0,4.0,0.0
149,2.0,1.0,0.0,5.0,20.5,5.0,65.8,15.1,4.0,0.0,0.0,1.57,2.0,4.0,
0,2.0,1.0,0.0,5.0,20.5,5.0,65.8,15.1,5.0,0.0,0.0,1.57,2.0,4.0,0.0
1,2.0,1.0,0.0,5.0,20.5,5.0,65.8,15.1,4.0,0.0,0.0,1.57,2.0,4.0,0.0
2,2.0,1.0,0.0,5.0,20.5,5.0,65.8,15.1,3.0,0.0,0.0,1.57,2.0,4.0,0.0
28,1.0,1.0,0.0,4.0,22.2,5.1,44.23,17.5,4.0,1.0,0.0,1.26,2.0,4.0,
0,1.0,1.0,0.0,4.0,22.2,5.1,44.23,17.5,3.0,1.0,0.0,1.26,2.0,4.0,0.0
1,1.0,1.0,0.0,4.0,22.2,5.1,44.23,17.5,4.0,1.0,0.0,1.26,2.0,4.0,0.0
2,1.0,1.0,0.0,4.0,22.2,5.1,44.23,17.5,5.0,1.0,0.0,1.26,2.0,4.0,0.0
1221,3.0,3.0,1.0,2.0,21.2,5.6,60.9,14.0,5.0,1.0,1.0,1.55,3.0,1.0,
0,3.0,3.0,1.0,2.0,21.2,5.6,60.9,14.0,5.0,1.0,1.0,1.55,3.0,1.0,0.0
1,3.0,3.0,1.0,2.0,21.2,5.6,60.9,14.0,4.0,1.0,1.0,1.55,3.0,1.0,0.0
1752,4.0,4.0,1.0,1.0,20.8,4.2,75.6,13.2,4.0,1.0,0.0,1.26,2.0,4.0,
0,4.0,4.0,1.0,1.0,20.8,4.2,75.6,13.2,3.0,1.0,0.0,1.26,2.0,4.0,0.0
1,4.0,4.0,1.0,1.0,20.8,4.2,75.6,13.2,5.0,1.0,0.0,1.26,2.0,4.0,0.0
2,4.0,4.0,1.0,1.0,20.8,4.2,75.6,13.2,4.0,1.0,0.0,1.26,2.0,4.0,0.0
77,1.0,1.0,0.0,6.0,22.2,5.1,47.8,16.9,5.0,0.0,0.0,1.21,2.0,4.0,
0,1.0,1.0,0.0,6.0,22.2,5.1,47.8,16.9,3.0,0.0,0.0,1.21,2.0,4.0,0.0
1,1.0,1.0,0.0,6.0,22.2,5.1,47.8,16.9,5.0,0.0,0.0,1.21,2.0,4.0,0.0
2,1.0,1.0,0.0,6.0,22.2,5.1,47.8,16.9,4.0,0.0,0.0,1.21,2.0,4.0,0.0
655,2.0,2.0,1.0,1.0,22.2,5.2,56.9,13.5,4.0,0.0,1.0,1.6,1.0,4.0,
0,2.0,2.0,1.0,1.0,22.2,5.2,56.9,13.5,3.0,0.0,1.0,1.6,1.0,4.0,0.0
1,2.0,2.0,1.0,1.0,22.2,5.2,56.9,13.5,5.0,0.0,1.0,1.6,1.0,4.0,0.0
2,2.0,2.0,1.0,1.0,22.2,5.2,56.9,13.5,4.0,0.0,1.0,1.6,1.0,4.0,0.0
1900,1.0,5.0,1.0,3.0,20.8,4.2,58.9,14.2,3.0,0.0,1.0,1.74,2.0,4.0,
2007,2.0,5.0,1.0,3.0,20.6,4.6,56.7,14.1,4.0,1.0,0.0,1.26,2.0,4.0,
0,2.0,5.0,1.0,3.0,20.6,4.6,56.7,14.1,4.0,1.0,0.0,1.26,2.0,4.0,0.0
1,2.0,5.0,1.0,3.0,20.6,4.6,56.7,14.1,5.0,1.0,0.0,1.26,2.0,4.0,0.0
2,2.0,5.0,1.0,3.0,20.6,4.6,56.7,14.1,3.0,1.0,0.0,1.26,2.0,4.0,0.0
1130,3.0,3.0,1.0,1.0,21.2,5.6,62.3,14.0,3.0,1.0,1.0,1.35,2.0,4.0,
0,3.0,3.0,1.0,1.0,21.2,5.6,62.3,14.0,3.0,1.0,1.0,1.35,2.0,4.0,0.0
1,3.0,3.0,1.0,1.0,21.2,5.6,62.3,14.0,5.0,1.0,1.0,1.35,2.0,4.0,0.0
2,3.0,3.0,1.0,1.0,21.2,5.6,62.3,14.0,4.0,1.0,1.0,1.35,2.0,4.0,0.0
394,4.0,1.0,0.0,3.0,22.9,6.6,54.6,14.0,4.0,0.0,0.0,1.57,1.0,4.0,
1733,4.0,4.0,1.0,1.0,20.8,4.2,75.6,13.2,4.0,0.0,0.0,1.4,2.0,4.0,
1239,3.0,3.0,1.0,2.0,21.2,5.6,60.9,14.0,5.0,0.0,1.0,1.33,2.0,4.0,
0,3.0,3.0,1.0,2.0,21.2,5.6,60.9,14.0,5.0,0.0,1.0,1.33,2.0,4.0,0.0
1,3.0,3.0,1.0,2.0,21.2,5.6,60.9,14.0,4.0,0.0,1.0,1.33,2.0,4.0,0.0
2,3.0,3.0,1.0,2.0,21.2,5.6,60.9,14.0,3.0,0.0,1.0,1.33,2.0,4.0,0.0
1097,2.0,3.0,1.0,2.0,18.4,8.2,68.3,12.8,5.0,0.0,1.0,1.55,2.0,4.0,
0,2.0,3.0,1.0,2.0,18.4,8.2,68.3,12.8,4.0,0.0,1.0,1.55,2.0,4.0,0.0
1,2.0,3.0,1.0,2.0,18.4,8.2,68.3,12.8,3.0,0.0,1.0,1.55,2.0,4.0,0.0
2,2.0,3.0,1.0,2.0,18.4,8.2,68.3,12.8,5.0,0.0,1.0,1.55,2.0,4.0,0.0
901,1.0,3.0,1.0,2.0,22.4,10.1,48.6,17.0,4.0,0.0,1.0,1.21,2.0,4.0,
0,1.0,3.0,1.0,2.0,22.4,10.1,48.6,17.0,3.0,0.0,1.0,1.21,2.0,4.0,0.0
1,1.0,3.0,1.0,2.0,22.4,10.1,48.6,17.0,5.0,0.0,1.0,1.21,2.0,4.0,0.0
2,1.0,3.0,1.0,2.0,22.4,10.1,48.6,17.0,4.0,0.0,1.0,1.21,2.0,4.0,0.0
241,3.0,1.0,0.0,3.0,22.2,5.2,60.4,14.4,4.0,1.0,0.0,1.43,2.0,4.0,
0,3.0,1.0,0.0,3.0,22.2,5.2,60.4,14.4,4.0,1.0,0.0,1.43,2.0,4.0,0.0
1,3.0,1.0,0.0,3.0,22.2,5.2,60.4,14.4,3.0,1.0,0.0,1.43,2.0,4.0,0.0
2,3.0,1.0,0.0,3.0,22.2,5.2,60.4,14.4,5.0,1.0,0.0,1.43,2.0,4.0,0.0
1155,3.0,3.0,1.0,1.0,21.2,5.6,62.3,14.0,3.0,0.0,1.0,1.24,2.0,4.0,
0,3.0,3.0,1.0,1.0,21.2,5.6,62.3,14.0,3.0,0.0,1.0,1.24,2.0,4.0,0.0
1,3.0,3.0,1.0,1.0,21.2,5.6,62.3,14.0,4.0,0.0,1.0,1.24,2.0,4.0,0.0
2,3.0,3.0,1.0,1.0,21.2,5.6,62.3,14.0,5.0,0.0,1.0,1.24,2.0,4.0,0.0
253,3.0,1.0,0.0,3.0,22.2,5.2,60.4,14.4,4.0,0.0,0.0,1.57,2.0,4.0,
0,3.0,1.0,0.0,3.0,22.2,5.2,60.4,14.4,5.0,0.0,0.0,1.57,2.0,4.0,0.0
1,3.0,1.0,0.0,3.0,22.2,5.2,60.4,14.4,4.0,0.0,0.0,1.57,2.0,4.0,0.0
2,3.0,1.0,0.0,3.0,22.2,5.2,60.4,14.4,3.0,0.0,0.0,1.57,2.0,4.0,0.0
1783,4.0,4.0,1.0,2.0,20.8,4.2,69.3,14.2,5.0,1.0,1.0,1.25,2.0,1.0,
0,4.0,4.0,1.0,2.0,20.8,4.2,69.3,14.2,4.0,1.0,1.0,1.25,2.0,1.0,0.0
1,4.0,4.0,1.0,2.0,20.8,4.2,69.3,14.2,5.0,1.0,1.0,1.25,2.0,1.0,0.0
2,4.0,4.0,1.0,2.0,20.8,4.2,69.3,14.2,3.0,1.0,1.0,1.25,2.0,1.0,0.0
1380,4.0,3.0,1.0,2.0,17.6,8.4,69.9,13.4,5.0,1.0,1.0,1.55,2.0,1.0,
0,4.0,3.0,1.0,2.0,17.6,8.4,69.9,13.4,3.0,1.0,1.0,1.55,2.0,1.0,0.0
1,4.0,3.0,1.0,2.0,17.6,8.4,69.9,13.4,4.0,1.0,1.0,1.55,2.0,1.0,0.0
2,4.0,3.0,1.0,2.0,17.6,8.4,69.9,13.4,5.0,1.0,1.0,1.55,2.0,1.0,0.0
157,2.0,1.0,0.0,5.0,20.5,5.0,65.8,15.1,4.0,1.0,0.0,1.07,2.0,4.0,
0,2.0,1.0,0.0,5.0,20.5,5.0,65.8,15.1,4.0,1.0,0.0,1.07,2.0,4.0,0.0
1,2.0,1.0,0.0,5.0,20.5,5.0,65.8,15.1,3.0,1.0,0.0,1.07,2.0,4.0,0.0
2,2.0,1.0,0.0,5.0,20.5,5.0,65.8,15.1,5.0,1.0,0.0,1.07,2.0,4.0,0.0
558,1.0,2.0,1.0,1.0,20.5,5.0,64.7,14.5,3.0,1.0,1.0,1.38,2.0,4.0,
0,1.0,2.0,1.0,1.0,20.5,5.0,64.7,14.5,3.0,1.0,1.0,1.38,2.0,4.0,0.0
1,1.0,2.0,1.0,1.0,20.5,5.0,64.7,14.5,4.0,1.0,1.0,1.38,2.0,4.0,0.0
2,1.0,2.0,1.0,1.0,20.5,5.0,64.7,14.5,5.0,1.0,1.0,1.38,2.0,4.0,0.0
1190,3.0,3.0,1.0,2.0,21.2,5.6,61.4,14.0,4.0,1.0,1.0,1.55,3.0,4.0,
426,4.0,1.0,0.0,3.0,22.9,6.6,53.3,16.0,5.0,1.0,0.0,1.07,2.0,4.0,
0,4.0,1.0,0.0,3.0,22.9,6.6,53.3,16.0,4.0,1.0,0.0,1.07,2.0,4.0,0.0
1,4.0,1.0,0.0,3.0,22.9,6.6,53.3,16.0,5.0,1.0,0.0,1.07,2.0,4.0,0.0
2,4.0,1.0,0.0,3.0,22.9,6.6,53.3,16.0,3.0,1.0,0.0,1.07,2.0,4.0,0.0
1690,4.0,4.0,1.0,1.0,20.8,4.2,74.4,13.6,3.0,1.0,0.0,1.21,2.0,1.0,
0,4.0,4.0,1.0,1.0,20.8,4.2,74.4,13.6,5.0,1.0,0.0,1.21,2.0,1.0,0.0
1,4.0,4.0,1.0,1.0,20.8,4.2,74.4,13.6,3.0,1.0,0.0,1.21,2.0,1.0,0.0
2,4.0,4.0,1.0,1.0,20.8,4.2,74.4,13.6,4.0,1.0,0.0,1.21,2.0,1.0,0.0
1765,4.0,4.0,1.0,2.0,20.8,4.2,69.3,14.2,5.0,0.0,1.0,1.6,2.0,4.0,
48,1.0,1.0,0.0,4.0,22.2,5.1,44.23,17.5,4.0,0.0,0.0,1.43,2.0,4.0,
0,1.0,1.0,0.0,4.0,22.2,5.1,44.23,17.5,5.0,0.0,0.0,1.43,2.0,4.0,0.0
1,1.0,1.0,0.0,4.0,22.2,5.1,44.23,17.5,4.0,0.0,0.0,1.43,2.0,4.0,0.0
2,1.0,1.0,0.0,4.0,22.2,5.1,44.23,17.5,3.0,0.0,0.0,1.43,2.0,4.0,0.0
354,4.0,1.0,0.0,3.0,22.9,6.6,59.0,14.0,3.0,0.0,0.0,1.21,3.0,4.0,
1578,2.0,4.0,1.0,2.0,19.6,6.6,60.7,13.0,5.0,1.0,0.0,1.4,2.0,1.0,
0,2.0,4.0,1.0,2.0,19.6,6.6,60.7,13.0,4.0,1.0,0.0,1.4,2.0,1.0,0.0
824,4.0,2.0,1.0,1.0,24.2,6.0,59.9,15.4,4.0,0.0,1.0,1.55,2.0,1.0,
0,4.0,2.0,1.0,1.0,24.2,6.0,59.9,15.4,4.0,0.0,1.0,1.55,2.0,1.0,0.0
1,4.0,2.0,1.0,1.0,24.2,6.0,59.9,15.4,5.0,0.0,1.0,1.55,2.0,1.0,0.0
2,4.0,2.0,1.0,1.0,24.2,6.0,59.9,15.4,3.0,0.0,1.0,1.55,2.0,1.0,0.0
689,3.0,2.0,1.0,1.0,22.9,6.6,56.9,15.0,3.0,0.0,1.0,1.69,1.0,4.0,
0,3.0,2.0,1.0,1.0,22.9,6.6,56.9,15.0,3.0,0.0,1.0,1.69,1.0,4.0,0.0
1,3.0,2.0,1.0,1.0,22.9,6.6,56.9,15.0,4.0,0.0,1.0,1.69,1.0,4.0,0.0
2,3.0,2.0,1.0,1.0,22.9,6.6,56.9,15.0,5.0,0.0,1.0,1.69,1.0,4.0,0.0
1528,2.0,4.0,1.0,2.0,19.6,6.6,65.2,14.1,4.0,1.0,1.0,1.55,2.0,4.0,
0,2.0,4.0,1.0,2.0,19.6,6.6,65.2,14.1,5.0,1.0,1.0,1.55,2.0,4.0,0.0
1,2.0,4.0,1.0,2.0,19.6,6.6,65.2,14.1,3.0,1.0,1.0,1.55,2.0,4.0,0.0
2,2.0,4.0,1.0,2.0,19.6,6.6,65.2,14.1,4.0,1.0,1.0,1.55,2.0,4.0,0.0
201,2.0,1.0,0.0,5.0,20.5,5.0,60.6,15.3,5.0,1.0,0.0,1.21,2.0,4.0,
0,2.0,1.0,0.0,5.0,20.5,5.0,60.6,15.3,3.0,1.0,0.0,1.21,2.0,4.0,0.0
1,2.0,1.0,0.0,5.0,20.5,5.0,60.6,15.3,4.0,1.0,0.0,1.21,2.0,4.0,0.0
2,2.0,1.0,0.0,5.0,20.5,5.0,60.6,15.3,5.0,1.0,0.0,1.21,2.0,4.0,0.0
1211,3.0,3.0,1.0,2.0,21.2,5.6,60.9,14.0,5.0,1.0,1.0,1.55,2.0,1.0,
0,3.0,3.0,1.0,2.0,21.2,5.6,60.9,14.0,5.0,1.0,1.0,1.55,2.0,1.0,0.0
1,3.0,3.0,1.0,2.0,21.2,5.6,60.9,14.0,3.0,1.0,1.0,1.55,2.0,1.0,0.0
2,3.0,3.0,1.0,2.0,21.2,5.6,60.9,14.0,4.0,1.0,1.0,1.55,2.0,1.0,0.0
949,1.0,3.0,1.0,3.0,22.4,10.1,46.3,17.0,5.0,0.0,1.0,1.63,2.0,4.0,
0,1.0,3.0,1.0,3.0,22.4,10.1,46.3,17.0,3.0,0.0,1.0,1.63,2.0,4.0,0.0
1,1.0,3.0,1.0,3.0,22.4,10.1,46.3,17.0,4.0,0.0,1.0,1.63,2.0,4.0,0.0
2,1.0,3.0,1.0,3.0,22.4,10.1,46.3,17.0,5.0,0.0,1.0,1.63,2.0,4.0,0.0
1856,5.0,4.0,1.0,1.0,20.6,4.6,65.4,13.0,4.0,0.0,1.0,1.16,2.0,1.0,
0,5.0,4.0,1.0,1.0,20.6,4.6,65.4,13.0,4.0,0.0,1.0,1.16,2.0,1.0,0.0
1,5.0,4.0,1.0,1.0,20.6,4.6,65.4,13.0,3.0,0.0,1.0,1.16,2.0,1.0,0.0
2,5.0,4.0,1.0,1.0,20.6,4.6,65.4,13.0,5.0,0.0,1.0,1.16,2.0,1.0,0.0
749,3.0,2.0,1.0,1.0,22.9,6.6,60.0,14.1,4.0,1.0,1.0,1.08,2.0,4.0,
0,3.0,2.0,1.0,1.0,22.9,6.6,60.0,14.1,4.0,1.0,1.0,1.08,2.0,4.0,0.0
1,3.0,2.0,1.0,1.0,22.9,6.6,60.0,14.1,3.0,1.0,1.0,1.08,2.0,4.0,0.0
2,3.0,2.0,1.0,1.0,22.9,6.6,60.0,14.1,5.0,1.0,1.0,1.08,2.0,4.0,0.0
537,5.0,1.0,0.0,3.0,24.2,6.0,64.7,15.6,5.0,0.0,0.0,1.07,2.0,4.0,
0,5.0,1.0,0.0,3.0,24.2,6.0,64.7,15.6,4.0,0.0,0.0,1.07,2.0,4.0,0.0
1,5.0,1.0,0.0,3.0,24.2,6.0,64.7,15.6,3.0,0.0,0.0,1.07,2.0,4.0,0.0
892,1.0,3.0,1.0,2.0,22.4,10.1,48.6,17.0,4.0,0.0,1.0,1.5,2.0,4.0,
0,1.0,3.0,1.0,2.0,22.4,10.1,48.6,17.0,5.0,0.0,1.0,1.5,2.0,4.0,0.0
1,1.0,3.0,1.0,2.0,22.4,10.1,48.6,17.0,3.0,0.0,1.0,1.5,2.0,4.0,0.0
2,1.0,3.0,1.0,2.0,22.4,10.1,48.6,17.0,4.0,0.0,1.0,1.5,2.0,4.0,0.0
385,4.0,1.0,0.0,3.0,22.9,6.6,54.6,14.0,4.0,0.0,0.0,1.57,2.0,4.0,
0,4.0,1.0,0.0,3.0,22.9,6.6,54.6,14.0,3.0,0.0,0.0,1.57,2.0,4.0,0.0
1,4.0,1.0,0.0,3.0,22.9,6.6,54.6,14.0,5.0,0.0,0.0,1.57,2.0,4.0,0.0
2,4.0,1.0,0.0,3.0,22.9,6.6,54.6,14.0,4.0,0.0,0.0,1.57,2.0,4.0,0.0
1450,1.0,4.0,1.0,5.0,22.4,4.7,68.1,13.1,5.0,1.0,1.0,1.61,2.0,4.0,
0,1.0,4.0,1.0,5.0,22.4,4.7,68.1,13.1,4.0,1.0,1.0,1.61,2.0,4.0,0.0
1,1.0,4.0,1.0,5.0,22.4,4.7,68.1,13.1,3.0,1.0,1.0,1.61,2.0,4.0,0.0
1923,1.0,5.0,1.0,3.0,20.8,4.2,58.9,14.9,3.0,1.0,1.0,1.77,2.0,4.0,
0,1.0,5.0,1.0,3.0,20.8,4.2,58.9,14.9,3.0,1.0,1.0,1.77,2.0,4.0,0.0
1,1.0,5.0,1.0,3.0,20.8,4.2,58.9,14.9,4.0,1.0,1.0,1.77,2.0,4.0,0.0
2,1.0,5.0,1.0,3.0,20.8,4.2,58.9,14.9,5.0,1.0,1.0,1.77,2.0,4.0,0.0
162,2.0,1.0,0.0,5.0,20.5,5.0,65.8,15.3,5.0,0.0,0.0,1.26,2.0,4.0,
0,2.0,1.0,0.0,5.0,20.5,5.0,65.8,15.3,4.0,0.0,0.0,1.26,2.0,4.0,0.0
1,2.0,1.0,0.0,5.0,20.5,5.0,65.8,15.3,5.0,0.0,0.0,1.26,2.0,4.0,0.0
1409,1.0,4.0,1.0,3.0,22.4,4.7,72.0,14.5,3.0,0.0,1.0,1.33,2.0,3.0,
0,1.0,4.0,1.0,3.0,22.4,4.7,72.0,14.5,4.0,0.0,1.0,1.33,2.0,3.0,0.0
1,1.0,4.0,1.0,3.0,22.4,4.7,72.0,14.5,5.0,0.0,1.0,1.33,2.0,3.0,0.0
620,2.0,2.0,1.0,1.0,22.2,5.2,65.0,14.6,3.0,0.0,1.0,1.71,3.0,2.0,
0,2.0,2.0,1.0,1.0,22.2,5.2,65.0,14.6,3.0,0.0,1.0,1.71,3.0,2.0,0.0
1,2.0,2.0,1.0,1.0,22.2,5.2,65.0,14.6,4.0,0.0,1.0,1.71,3.0,2.0,0.0
2,2.0,2.0,1.0,1.0,22.2,5.2,65.0,14.6,5.0,0.0,1.0,1.71,3.0,2.0,0.0
392,4.0,1.0,0.0,3.0,22.9,6.6,54.6,14.0,4.0,0.0,0.0,1.07,2.0,4.0,
0,4.0,1.0,0.0,3.0,22.9,6.6,54.6,14.0,4.0,0.0,0.0,1.07,2.0,4.0,0.0
1,4.0,1.0,0.0,3.0,22.9,6.6,54.6,14.0,3.0,0.0,0.0,1.07,2.0,4.0,0.0
2,4.0,1.0,0.0,3.0,22.9,6.6,54.6,14.0,5.0,0.0,0.0,1.07,2.0,4.0,0.0
1014,2.0,3.0,1.0,1.0,18.4,8.2,74.2,12.9,3.0,0.0,1.0,1.38,2.0,4.0,
0,2.0,3.0,1.0,1.0,18.4,8.2,74.2,12.9,4.0,0.0,1.0,1.38,2.0,4.0,0.0
1,2.0,3.0,1.0,1.0,18.4,8.2,74.2,12.9,3.0,0.0,1.0,1.38,2.0,4.0,0.0
2,2.0,3.0,1.0,1.0,18.4,8.2,74.2,12.9,5.0,0.0,1.0,1.38,2.0,4.0,0.0
1472,1.0,4.0,1.0,5.0,22.4,4.7,68.1,13.1,5.0,0.0,1.0,1.61,2.0,4.0,
146,2.0,1.0,0.0,5.0,20.5,5.0,65.8,15.1,4.0,1.0,0.0,0.9,2.0,4.0,
0,2.0,1.0,0.0,5.0,20.5,5.0,65.8,15.1,4.0,1.0,0.0,0.9,2.0,4.0,0.0
1,2.0,1.0,0.0,5.0,20.5,5.0,65.8,15.1,5.0,1.0,0.0,0.9,2.0,4.0,0.0
2,2.0,1.0,0.0,5.0,20.5,5.0,65.8,15.1,3.0,1.0,0.0,0.9,2.0,4.0,0.0
1126,3.0,3.0,1.0,1.0,21.2,5.6,62.3,14.0,3.0,1.0,1.0,1.38,2.0,4.0,
0,3.0,3.0,1.0,1.0,21.2,5.6,62.3,14.0,4.0,1.0,1.0,1.38,2.0,4.0,0.0
1,3.0,3.0,1.0,1.0,21.2,5.6,62.3,14.0,5.0,1.0,1.0,1.38,2.0,4.0,0.0
261,3.0,1.0,0.0,3.0,22.2,5.2,60.4,14.4,4.0,0.0,0.0,1.21,2.0,4.0,
0,3.0,1.0,0.0,3.0,22.2,5.2,60.4,14.4,3.0,0.0,0.0,1.21,2.0,4.0,0.0
1,3.0,1.0,0.0,3.0,22.2,5.2,60.4,14.4,4.0,0.0,0.0,1.21,2.0,4.0,0.0
2,3.0,1.0,0.0,3.0,22.2,5.2,60.4,14.4,5.0,0.0,0.0,1.21,2.0,4.0,0.0
1667,3.0,4.0,1.0,2.0,20.0,8.8,55.8,13.3,5.0,0.0,1.0,1.16,2.0,1.0,
0,3.0,4.0,1.0,2.0,20.0,8.8,55.8,13.3,5.0,0.0,1.0,1.16,2.0,1.0,0.0
1,3.0,4.0,1.0,2.0,20.0,8.8,55.8,13.3,4.0,0.0,1.0,1.16,2.0,1.0,0.0
2,3.0,4.0,1.0,2.0,20.0,8.8,55.8,13.3,3.0,0.0,1.0,1.16,2.0,1.0,0.0
459,5.0,1.0,0.0,2.0,24.2,6.0,58.9,15.1,3.0,0.0,0.0,1.04,2.0,1.0,
0,5.0,1.0,0.0,2.0,24.2,6.0,58.9,15.1,3.0,0.0,0.0,1.04,2.0,1.0,0.0
1,5.0,1.0,0.0,2.0,24.2,6.0,58.9,15.1,5.0,0.0,0.0,1.04,2.0,1.0,0.0
2,5.0,1.0,0.0,2.0,24.2,6.0,58.9,15.1,4.0,0.0,0.0,1.04,2.0,1.0,0.0
1324,4.0,3.0,1.0,2.0,17.6,8.4,62.2,14.0,4.0,0.0,1.0,1.55,2.0,4.0,
0,4.0,3.0,1.0,2.0,17.6,8.4,62.2,14.0,3.0,0.0,1.0,1.55,2.0,4.0,0.0
1,4.0,3.0,1.0,2.0,17.6,8.4,62.2,14.0,4.0,0.0,1.0,1.55,2.0,4.0,0.0
2,4.0,3.0,1.0,2.0,17.6,8.4,62.2,14.0,5.0,0.0,1.0,1.55,2.0,4.0,0.0
1976,2.0,5.0,1.0,3.0,20.6,4.6,59.0,13.9,3.0,1.0,0.0,1.21,2.0,2.0,
0,2.0,5.0,1.0,3.0,20.6,4.6,59.0,13.9,5.0,1.0,0.0,1.21,2.0,2.0,0.0
1,2.0,5.0,1.0,3.0,20.6,4.6,59.0,13.9,3.0,1.0,0.0,1.21,2.0,2.0,0.0
2,2.0,5.0,1.0,3.0,20.6,4.6,59.0,13.9,4.0,1.0,0.0,1.21,2.0,2.0,0.0
1763,4.0,4.0,1.0,2.0,20.8,4.2,69.3,14.2,5.0,0.0,1.0,1.33,2.0,4.0,
0,4.0,4.0,1.0,2.0,20.8,4.2,69.3,14.2,4.0,0.0,1.0,1.33,2.0,4.0,0.0
1,4.0,4.0,1.0,2.0,20.8,4.2,69.3,14.2,3.0,0.0,1.0,1.33,2.0,4.0,0.0
2,4.0,4.0,1.0,2.0,20.8,4.2,69.3,14.2,5.0,0.0,1.0,1.33,2.0,4.0,0.0
984,2.0,3.0,1.0,1.0,18.4,8.2,74.2,12.9,3.0,1.0,1.0,1.52,2.0,4.0,
1739,4.0,4.0,1.0,1.0,20.8,4.2,75.6,13.2,4.0,0.0,0.0,1.07,2.0,4.0,
0,4.0,4.0,1.0,1.0,20.8,4.2,75.6,13.2,3.0,0.0,0.0,1.07,2.0,4.0,0.0
1,4.0,4.0,1.0,1.0,20.8,4.2,75.6,13.2,5.0,0.0,0.0,1.07,2.0,4.0,0.0
1098,2.0,3.0,1.0,2.0,18.4,8.2,68.3,12.8,5.0,0.0,1.0,1.36,2.0,4.0,
0,2.0,3.0,1.0,2.0,18.4,8.2,68.3,12.8,3.0,0.0,1.0,1.36,2.0,4.0,0.0
1,2.0,3.0,1.0,2.0,18.4,8.2,68.3,12.8,5.0,0.0,1.0,1.36,2.0,4.0,0.0
2,2.0,3.0,1.0,2.0,18.4,8.2,68.3,12.8,4.0,0.0,1.0,1.36,2.0,4.0,0.0
400,4.0,1.0,0.0,3.0,22.9,6.6,54.6,16.0,5.0,0.0,0.0,0.9,2.0,4.0,
0,4.0,1.0,0.0,3.0,22.9,6.6,54.6,16.0,4.0,0.0,0.0,0.9,2.0,4.0,0.0
1,4.0,1.0,0.0,3.0,22.9,6.6,54.6,16.0,3.0,0.0,0.0,0.9,2.0,4.0,0.0
2,4.0,1.0,0.0,3.0,22.9,6.6,54.6,16.0,5.0,0.0,0.0,0.9,2.0,4.0,0.0
334,4.0,1.0,0.0,3.0,22.9,6.6,60.3,14.0,3.0,0.0,0.0,1.21,2.0,4.0,
0,4.0,1.0,0.0,3.0,22.9,6.6,60.3,14.0,4.0,0.0,0.0,1.21,2.0,4.0,0.0
1,4.0,1.0,0.0,3.0,22.9,6.6,60.3,14.0,3.0,0.0,0.0,1.21,2.0,4.0,0.0
2,4.0,1.0,0.0,3.0,22.9,6.6,60.3,14.0,5.0,0.0,0.0,1.21,2.0,4.0,0.0
54,1.0,1.0,0.0,4.0,22.2,5.1,44.23,17.5,4.0,1.0,0.0,1.21,2.0,4.0,
0,1.0,1.0,0.0,4.0,22.2,5.1,44.23,17.5,3.0,1.0,0.0,1.21,2.0,4.0,0.0
1,1.0,1.0,0.0,4.0,22.2,5.1,44.23,17.5,5.0,1.0,0.0,1.21,2.0,4.0,0.0
2,1.0,1.0,0.0,4.0,22.2,5.1,44.23,17.5,4.0,1.0,0.0,1.21,2.0,4.0,0.0
642,2.0,2.0,1.0,1.0,22.2,5.2,65.0,14.6,3.0,1.0,1.0,1.79,3.0,2.0,
0,2.0,2.0,1.0,1.0,22.2,5.2,65.0,14.6,4.0,1.0,1.0,1.79,3.0,2.0,0.0
1,2.0,2.0,1.0,1.0,22.2,5.2,65.0,14.6,5.0,1.0,1.0,1.79,3.0,2.0,0.0
2,2.0,2.0,1.0,1.0,22.2,5.2,65.0,14.6,3.0,1.0,1.0,1.79,3.0,2.0,0.0
1368,4.0,3.0,1.0,2.0,17.6,8.4,69.9,13.4,5.0,0.0,1.0,1.08,2.0,4.0,
0,4.0,3.0,1.0,2.0,17.6,8.4,69.9,13.4,5.0,0.0,1.0,1.08,2.0,4.0,0.0
1,4.0,3.0,1.0,2.0,17.6,8.4,69.9,13.4,4.0,0.0,1.0,1.08,2.0,4.0,0.0
2,4.0,3.0,1.0,2.0,17.6,8.4,69.9,13.4,3.0,0.0,1.0,1.08,2.0,4.0,0.0
295,3.0,1.0,0.0,4.0,22.2,5.2,58.2,14.9,5.0,1.0,0.0,1.57,2.0,4.0,
0,3.0,1.0,0.0,4.0,22.2,5.2,58.2,14.9,3.0,1.0,0.0,1.57,2.0,4.0,0.0
1,3.0,1.0,0.0,4.0,22.2,5.2,58.2,14.9,4.0,1.0,0.0,1.57,2.0,4.0,0.0
547,1.0,2.0,1.0,1.0,20.5,5.0,64.7,14.5,3.0,0.0,1.0,1.55,1.0,4.0,
0,1.0,2.0,1.0,1.0,20.5,5.0,64.7,14.5,3.0,0.0,1.0,1.55,1.0,4.0,0.0
1,1.0,2.0,1.0,1.0,20.5,5.0,64.7,14.5,5.0,0.0,1.0,1.55,1.0,4.0,0.0
2,1.0,2.0,1.0,1.0,20.5,5.0,64.7,14.5,4.0,0.0,1.0,1.55,1.0,4.0,0.0
81,1.0,1.0,0.0,6.0,22.2,5.1,47.8,16.9,5.0,1.0,0.0,1.43,2.0,4.0,
1059,2.0,3.0,1.0,2.0,18.4,8.2,73.0,13.0,4.0,0.0,1.0,1.77,2.0,1.0,
0,2.0,3.0,1.0,2.0,18.4,8.2,73.0,13.0,3.0,0.0,1.0,1.77,2.0,1.0,0.0
1,2.0,3.0,1.0,2.0,18.4,8.2,73.0,13.0,5.0,0.0,1.0,1.77,2.0,1.0,0.0
2,2.0,3.0,1.0,2.0,18.4,8.2,73.0,13.0,4.0,0.0,1.0,1.77,2.0,1.0,0.0
1678,3.0,4.0,1.0,2.0,20.0,8.8,55.8,13.3,5.0,1.0,1.0,1.69,2.0,4.0,
565,1.0,2.0,1.0,1.0,20.5,5.0,64.7,14.5,3.0,1.0,1.0,1.49,2.0,4.0,
0,1.0,2.0,1.0,1.0,20.5,5.0,64.7,14.5,3.0,1.0,1.0,1.49,2.0,4.0,0.0
1,1.0,2.0,1.0,1.0,20.5,5.0,64.7,14.5,5.0,1.0,1.0,1.49,2.0,4.0,0.0
2,1.0,2.0,1.0,1.0,20.5,5.0,64.7,14.5,4.0,1.0,1.0,1.49,2.0,4.0,0.0
579,1.0,2.0,1.0,1.0,20.5,5.0,63.8,14.5,3.0,1.0,1.0,1.55,2.0,4.0,
0,1.0,2.0,1.0,1.0,20.5,5.0,63.8,14.5,5.0,1.0,1.0,1.55,2.0,4.0,0.0
1,1.0,2.0,1.0,1.0,20.5,5.0,63.8,14.5,4.0,1.0,1.0,1.55,2.0,4.0,0.0
2,1.0,2.0,1.0,1.0,20.5,5.0,63.8,14.5,3.0,1.0,1.0,1.55,2.0,4.0,0.0
263,3.0,1.0,0.0,3.0,22.2,5.2,60.4,14.4,4.0,0.0,0.0,1.21,2.0,4.0,
0,3.0,1.0,0.0,3.0,22.2,5.2,60.4,14.4,3.0,0.0,0.0,1.21,2.0,4.0,0.0
1,3.0,1.0,0.0,3.0,22.2,5.2,60.4,14.4,5.0,0.0,0.0,1.21,2.0,4.0,0.0
2,3.0,1.0,0.0,3.0,22.2,5.2,60.4,14.4,4.0,0.0,0.0,1.21,2.0,4.0,0.0
924,1.0,3.0,1.0,2.0,22.4,10.1,48.6,17.0,4.0,0.0,1.0,1.69,2.0,4.0,
0,1.0,3.0,1.0,2.0,22.4,10.1,48.6,17.0,5.0,0.0,1.0,1.69,2.0,4.0,0.0
1,1.0,3.0,1.0,2.0,22.4,10.1,48.6,17.0,4.0,0.0,1.0,1.69,2.0,4.0,0.0
2,1.0,3.0,1.0,2.0,22.4,10.1,48.6,17.0,3.0,0.0,1.0,1.69,2.0,4.0,0.0
216,3.0,1.0,0.0,3.0,22.2,5.2,60.6,13.8,3.0,0.0,0.0,1.57,2.0,4.0,
0,3.0,1.0,0.0,3.0,22.2,5.2,60.6,13.8,3.0,0.0,0.0,1.57,2.0,4.0,0.0
1,3.0,1.0,0.0,3.0,22.2,5.2,60.6,13.8,4.0,0.0,0.0,1.57,2.0,4.0,0.0
2,3.0,1.0,0.0,3.0,22.2,5.2,60.6,13.8,5.0,0.0,0.0,1.57,2.0,4.0,0.0
769,4.0,2.0,1.0,1.0,24.2,6.0,60.3,15.8,3.0,1.0,0.0,1.29,2.0,4.0,
0,4.0,2.0,1.0,1.0,24.2,6.0,60.3,15.8,5.0,1.0,0.0,1.29,2.0,4.0,0.0
10,1.0,1.0,0.0,3.0,22.2,5.1,55.1,14.5,3.0,1.0,0.0,0.9,2.0,2.0,
0,1.0,1.0,0.0,3.0,22.2,5.1,55.1,14.5,4.0,1.0,0.0,0.9,2.0,2.0,0.0
1,1.0,1.0,0.0,3.0,22.2,5.1,55.1,14.5,3.0,1.0,0.0,0.9,2.0,2.0,0.0
2,1.0,1.0,0.0,3.0,22.2,5.1,55.1,14.5,5.0,1.0,0.0,0.9,2.0,2.0,0.0
518,5.0,1.0,0.0,3.0,24.2,6.0,61.0,15.6,5.0,1.0,0.0,1.26,2.0,4.0,
0,5.0,1.0,0.0,3.0,24.2,6.0,61.0,15.6,3.0,1.0,0.0,1.26,2.0,4.0,0.0
1,5.0,1.0,0.0,3.0,24.2,6.0,61.0,15.6,5.0,1.0,0.0,1.26,2.0,4.0,0.0
2,5.0,1.0,0.0,3.0,24.2,6.0,61.0,15.6,4.0,1.0,0.0,1.26,2.0,4.0,0.0
1362,4.0,3.0,1.0,2.0,17.6,8.4,69.9,13.4,5.0,1.0,1.0,1.49,1.0,4.0,
78,1.0,1.0,0.0,6.0,22.2,5.1,47.8,16.9,5.0,0.0,0.0,1.12,2.0,4.0,
0,1.0,1.0,0.0,6.0,22.2,5.1,47.8,16.9,3.0,0.0,0.0,1.12,2.0,4.0,0.0
1,1.0,1.0,0.0,6.0,22.2,5.1,47.8,16.9,4.0,0.0,0.0,1.12,2.0,4.0,0.0
864,1.0,3.0,1.0,1.0,22.4,10.1,49.9,16.7,3.0,1.0,1.0,1.38,2.0,4.0,
0,1.0,3.0,1.0,1.0,22.4,10.1,49.9,16.7,3.0,1.0,1.0,1.38,2.0,4.0,0.0
1,1.0,3.0,1.0,1.0,22.4,10.1,49.9,16.7,5.0,1.0,1.0,1.38,2.0,4.0,0.0
2,1.0,3.0,1.0,1.0,22.4,10.1,49.9,16.7,4.0,1.0,1.0,1.38,2.0,4.0,0.0
1848,5.0,4.0,1.0,1.0,20.6,4.6,65.4,13.0,4.0,0.0,1.0,1.16,1.0,4.0,
7,1.0,1.0,0.0,3.0,22.2,5.1,55.1,14.5,3.0,0.0,0.0,1.57,1.0,4.0,
0,1.0,1.0,0.0,3.0,22.2,5.1,55.1,14.5,5.0,0.0,0.0,1.57,1.0,4.0,0.0
1,1.0,1.0,0.0,3.0,22.2,5.1,55.1,14.5,4.0,0.0,0.0,1.57,1.0,4.0,0.0
2,1.0,1.0,0.0,3.0,22.2,5.1,55.1,14.5,3.0,0.0,0.0,1.57,1.0,4.0,0.0
990,2.0,3.0,1.0,1.0,18.4,8.2,74.2,12.9,3.0,0.0,1.0,1.69,1.0,4.0,
0,2.0,3.0,1.0,1.0,18.4,8.2,74.2,12.9,3.0,0.0,1.0,1.69,1.0,4.0,0.0
1,2.0,3.0,1.0,1.0,18.4,8.2,74.2,12.9,5.0,0.0,1.0,1.69,1.0,4.0,0.0
2,2.0,3.0,1.0,1.0,18.4,8.2,74.2,12.9,4.0,0.0,1.0,1.69,1.0,4.0,0.0
717,3.0,2.0,1.0,1.0,22.9,6.6,57.2,15.0,3.0,0.0,1.0,1.55,2.0,4.0,
0,3.0,2.0,1.0,1.0,22.9,6.6,57.2,15.0,4.0,0.0,1.0,1.55,2.0,4.0,0.0
1,3.0,2.0,1.0,1.0,22.9,6.6,57.2,15.0,3.0,0.0,1.0,1.55,2.0,4.0,0.0
2,3.0,2.0,1.0,1.0,22.9,6.6,57.2,15.0,5.0,0.0,1.0,1.55,2.0,4.0,0.0
782,4.0,2.0,1.0,1.0,24.2,6.0,60.3,15.8,3.0,1.0,0.0,1.04,2.0,4.0,
0,4.0,2.0,1.0,1.0,24.2,6.0,60.3,15.8,5.0,1.0,0.0,1.04,2.0,4.0,0.0
1,4.0,2.0,1.0,1.0,24.2,6.0,60.3,15.8,4.0,1.0,0.0,1.04,2.0,4.0,0.0
2,4.0,2.0,1.0,1.0,24.2,6.0,60.3,15.8,3.0,1.0,0.0,1.04,2.0,4.0,0.0
1851,5.0,4.0,1.0,1.0,20.6,4.6,65.4,13.0,4.0,1.0,1.0,1.55,2.0,4.0,
0,5.0,4.0,1.0,1.0,20.6,4.6,65.4,13.0,4.0,1.0,1.0,1.55,2.0,4.0,0.0
1,5.0,4.0,1.0,1.0,20.6,4.6,65.4,13.0,5.0,1.0,1.0,1.55,2.0,4.0,0.0
2,5.0,4.0,1.0,1.0,20.6,4.6,65.4,13.0,3.0,1.0,1.0,1.55,2.0,4.0,0.0
406,4.0,1.0,0.0,3.0,22.9,6.6,54.6,16.0,5.0,0.0,0.0,0.9,2.0,4.0,
0,4.0,1.0,0.0,3.0,22.9,6.6,54.6,16.0,3.0,0.0,0.0,0.9,2.0,4.0,0.0
1,4.0,1.0,0.0,3.0,22.9,6.6,54.6,16.0,5.0,0.0,0.0,0.9,2.0,4.0,0.0
2,4.0,1.0,0.0,3.0,22.9,6.6,54.6,16.0,4.0,0.0,0.0,0.9,2.0,4.0,0.0
763,4.0,2.0,1.0,1.0,24.2,6.0,60.0,16.0,3.0,1.0,0.0,1.57,1.0,4.0,
1794,5.0,4.0,1.0,1.0,20.6,4.6,68.8,13.7,3.0,0.0,1.0,1.5,2.0,4.0,
0,5.0,4.0,1.0,1.0,20.6,4.6,68.8,13.7,5.0,0.0,1.0,1.5,2.0,4.0,0.0
1,5.0,4.0,1.0,1.0,20.6,4.6,68.8,13.7,3.0,0.0,1.0,1.5,2.0,4.0,0.0
2,5.0,4.0,1.0,1.0,20.6,4.6,68.8,13.7,4.0,0.0,1.0,1.5,2.0,4.0,0.0
745,3.0,2.0,1.0,1.0,22.9,6.6,60.0,14.1,4.0,1.0,1.0,1.77,2.0,4.0,
0,3.0,2.0,1.0,1.0,22.9,6.6,60.0,14.1,3.0,1.0,1.0,1.77,2.0,4.0,0.0
1,3.0,2.0,1.0,1.0,22.9,6.6,60.0,14.1,5.0,1.0,1.0,1.77,2.0,4.0,0.0
688,3.0,2.0,1.0,1.0,22.9,6.6,56.9,15.0,3.0,0.0,1.0,1.16,2.0,4.0,
0,3.0,2.0,1.0,1.0,22.9,6.6,56.9,15.0,4.0,0.0,1.0,1.16,2.0,4.0,0.0
1,3.0,2.0,1.0,1.0,22.9,6.6,56.9,15.0,3.0,0.0,1.0,1.16,2.0,4.0,0.0
2,3.0,2.0,1.0,1.0,22.9,6.6,56.9,15.0,5.0,0.0,1.0,1.16,2.0,4.0,0.0
1046,2.0,3.0,1.0,2.0,18.4,8.2,73.0,13.0,4.0,0.0,1.0,1.24,2.0,4.0,
0,2.0,3.0,1.0,2.0,18.4,8.2,73.0,13.0,5.0,0.0,1.0,1.24,2.0,4.0,0.0
1,2.0,3.0,1.0,2.0,18.4,8.2,73.0,13.0,3.0,0.0,1.0,1.24,2.0,4.0,0.0
2,2.0,3.0,1.0,2.0,18.4,8.2,73.0,13.0,4.0,0.0,1.0,1.24,2.0,4.0,0.0
1506,2.0,4.0,1.0,2.0,19.6,6.6,65.2,14.1,4.0,0.0,1.0,1.69,2.0,4.0,
0,2.0,4.0,1.0,2.0,19.6,6.6,65.2,14.1,5.0,0.0,1.0,1.69,2.0,4.0,0.0
1,2.0,4.0,1.0,2.0,19.6,6.6,65.2,14.1,3.0,0.0,1.0,1.69,2.0,4.0,0.0
2,2.0,4.0,1.0,2.0,19.6,6.6,65.2,14.1,4.0,0.0,1.0,1.69,2.0,4.0,0.0
690,3.0,2.0,1.0,1.0,22.9,6.6,56.9,15.0,3.0,1.0,1.0,1.44,2.0,4.0,
0,3.0,2.0,1.0,1.0,22.9,6.6,56.9,15.0,3.0,1.0,1.0,1.44,2.0,4.0,0.0
1,3.0,2.0,1.0,1.0,22.9,6.6,56.9,15.0,4.0,1.0,1.0,1.44,2.0,4.0,0.0
2,3.0,2.0,1.0,1.0,22.9,6.6,56.9,15.0,5.0,1.0,1.0,1.44,2.0,4.0,0.0
1949,1.0,5.0,1.0,4.0,20.8,4.2,59.1,15.1,5.0,1.0,1.0,1.49,1.0,4.0,
280,3.0,1.0,0.0,4.0,22.2,5.2,58.2,14.9,5.0,0.0,0.0,1.04,2.0,4.0,
0,3.0,1.0,0.0,4.0,22.2,5.2,58.2,14.9,3.0,0.0,0.0,1.04,2.0,4.0,0.0
1,3.0,1.0,0.0,4.0,22.2,5.2,58.2,14.9,4.0,0.0,0.0,1.04,2.0,4.0,0.0
2,3.0,1.0,0.0,4.0,22.2,5.2,58.2,14.9,5.0,0.0,0.0,1.04,2.0,4.0,0.0
992,2.0,3.0,1.0,1.0,18.4,8.2,74.2,12.9,3.0,0.0,1.0,1.08,2.0,4.0,
0,2.0,3.0,1.0,1.0,18.4,8.2,74.2,12.9,4.0,0.0,1.0,1.08,2.0,4.0,0.0
1,2.0,3.0,1.0,1.0,18.4,8.2,74.2,12.9,5.0,0.0,1.0,1.08,2.0,4.0,0.0
2,2.0,3.0,1.0,1.0,18.4,8.2,74.2,12.9,3.0,0.0,1.0,1.08,2.0,4.0,0.0
1756,4.0,4.0,1.0,1.0,20.8,4.2,75.6,13.2,4.0,0.0,0.0,1.4,2.0,4.0,
1531,2.0,4.0,1.0,2.0,19.6,6.6,65.2,14.1,4.0,1.0,1.0,1.55,2.0,4.0,
0,2.0,4.0,1.0,2.0,19.6,6.6,65.2,14.1,3.0,1.0,1.0,1.55,2.0,4.0,0.0
1,2.0,4.0,1.0,2.0,19.6,6.6,65.2,14.1,5.0,1.0,1.0,1.55,2.0,4.0,0.0
2,2.0,4.0,1.0,2.0,19.6,6.6,65.2,14.1,4.0,1.0,1.0,1.55,2.0,4.0,0.0
1876,5.0,4.0,1.0,2.0,20.6,4.6,60.4,13.0,5.0,0.0,1.0,1.24,2.0,4.0,
0,5.0,4.0,1.0,2.0,20.6,4.6,60.4,13.0,3.0,0.0,1.0,1.24,2.0,4.0,0.0
1,5.0,4.0,1.0,2.0,20.6,4.6,60.4,13.0,4.0,0.0,1.0,1.24,2.0,4.0,0.0
2,5.0,4.0,1.0,2.0,20.6,4.6,60.4,13.0,5.0,0.0,1.0,1.24,2.0,4.0,0.0
277,3.0,1.0,0.0,4.0,22.2,5.2,58.2,14.9,5.0,0.0,0.0,1.21,2.0,4.0,
0,3.0,1.0,0.0,4.0,22.2,5.2,58.2,14.9,3.0,0.0,0.0,1.21,2.0,4.0,0.0
1,3.0,1.0,0.0,4.0,22.2,5.2,58.2,14.9,5.0,0.0,0.0,1.21,2.0,4.0,0.0
2,3.0,1.0,0.0,4.0,22.2,5.2,58.2,14.9,4.0,0.0,0.0,1.21,2.0,4.0,0.0
86,1.0,1.0,0.0,6.0,22.2,5.1,47.8,16.9,5.0,1.0,0.0,1.07,2.0,4.0,
0,1.0,1.0,0.0,6.0,22.2,5.1,47.8,16.9,4.0,1.0,0.0,1.07,2.0,4.0,0.0
1,1.0,1.0,0.0,6.0,22.2,5.1,47.8,16.9,3.0,1.0,0.0,1.07,2.0,4.0,0.0
2,1.0,1.0,0.0,6.0,22.2,5.1,47.8,16.9,5.0,1.0,0.0,1.07,2.0,4.0,0.0
1322,4.0,3.0,1.0,2.0,17.6,8.4,62.2,14.0,4.0,1.0,1.0,1.19,2.0,1.0,
0,4.0,3.0,1.0,2.0,17.6,8.4,62.2,14.0,5.0,1.0,1.0,1.19,2.0,1.0,0.0
1,4.0,3.0,1.0,2.0,17.6,8.4,62.2,14.0,3.0,1.0,1.0,1.19,2.0,1.0,0.0
2,4.0,3.0,1.0,2.0,17.6,8.4,62.2,14.0,4.0,1.0,1.0,1.19,2.0,1.0,0.0
1749,4.0,4.0,1.0,1.0,20.8,4.2,75.6,13.2,4.0,1.0,0.0,1.04,2.0,4.0,
0,4.0,4.0,1.0,1.0,20.8,4.2,75.6,13.2,4.0,1.0,0.0,1.04,2.0,4.0,0.0
1,4.0,4.0,1.0,1.0,20.8,4.2,75.6,13.2,3.0,1.0,0.0,1.04,2.0,4.0,0.0
2,4.0,4.0,1.0,1.0,20.8,4.2,75.6,13.2,5.0,1.0,0.0,1.04,2.0,4.0,0.0
1371,4.0,3.0,1.0,2.0,17.6,8.4,69.9,13.4,5.0,1.0,1.0,1.74,2.0,4.0,
0,4.0,3.0,1.0,2.0,17.6,8.4,69.9,13.4,3.0,1.0,1.0,1.74,2.0,4.0,0.0
1,4.0,3.0,1.0,2.0,17.6,8.4,69.9,13.4,4.0,1.0,1.0,1.74,2.0,4.0,0.0
2,4.0,3.0,1.0,2.0,17.6,8.4,69.9,13.4,5.0,1.0,1.0,1.74,2.0,4.0,0.0
119,2.0,1.0,0.0,4.0,20.5,5.0,66.39,15.6,3.0,1.0,0.0,1.29,2.0,4.0,
523,5.0,1.0,0.0,3.0,24.2,6.0,61.0,15.6,5.0,1.0,0.0,0.9,2.0,4.0,
0,5.0,1.0,0.0,3.0,24.2,6.0,61.0,15.6,5.0,1.0,0.0,0.9,2.0,4.0,0.0
1,5.0,1.0,0.0,3.0,24.2,6.0,61.0,15.6,3.0,1.0,0.0,0.9,2.0,4.0,0.0
2,5.0,1.0,0.0,3.0,24.2,6.0,61.0,15.6,4.0,1.0,0.0,0.9,2.0,4.0,0.0
598,1.0,2.0,1.0,2.0,20.5,5.0,63.8,14.6,4.0,1.0,1.0,1.24,1.0,4.0,
0,1.0,2.0,1.0,2.0,20.5,5.0,63.8,14.6,5.0,1.0,1.0,1.24,1.0,4.0,0.0
1,1.0,2.0,1.0,2.0,20.5,5.0,63.8,14.6,4.0,1.0,1.0,1.24,1.0,4.0,0.0
2,1.0,2.0,1.0,2.0,20.5,5.0,63.8,14.6,3.0,1.0,1.0,1.24,1.0,4.0,0.0
176,2.0,1.0,0.0,5.0,20.5,5.0,57.53,15.3,5.0,0.0,0.0,1.07,2.0,4.0,
0,2.0,1.0,0.0,5.0,20.5,5.0,57.53,15.3,3.0,0.0,0.0,1.07,2.0,4.0,0.0
1,2.0,1.0,0.0,5.0,20.5,5.0,57.53,15.3,4.0,0.0,0.0,1.07,2.0,4.0,0.0
2,2.0,1.0,0.0,5.0,20.5,5.0,57.53,15.3,5.0,0.0,0.0,1.07,2.0,4.0,0.0
978,1.0,3.0,1.0,3.0,22.4,10.1,46.3,17.0,5.0,0.0,1.0,1.55,2.0,1.0,
0,1.0,3.0,1.0,3.0,22.4,10.1,46.3,17.0,3.0,0.0,1.0,1.55,2.0,1.0,0.0
1,1.0,3.0,1.0,3.0,22.4,10.1,46.3,17.0,5.0,0.0,1.0,1.55,2.0,1.0,0.0
2,1.0,3.0,1.0,3.0,22.4,10.1,46.3,17.0,4.0,0.0,1.0,1.55,2.0,1.0,0.0
1303,4.0,3.0,1.0,2.0,17.6,8.4,62.2,14.0,4.0,1.0,1.0,1.72,2.0,4.0,
0,4.0,3.0,1.0,2.0,17.6,8.4,62.2,14.0,3.0,1.0,1.0,1.72,2.0,4.0,0.0
1,4.0,3.0,1.0,2.0,17.6,8.4,62.2,14.0,4.0,1.0,1.0,1.72,2.0,4.0,0.0
2,4.0,3.0,1.0,2.0,17.6,8.4,62.2,14.0,5.0,1.0,1.0,1.72,2.0,4.0,0.0
230,3.0,1.0,0.0,3.0,22.2,5.2,60.4,13.8,3.0,0.0,0.0,0.9,2.0,4.0,
0,3.0,1.0,0.0,3.0,22.2,5.2,60.4,13.8,3.0,0.0,0.0,0.9,2.0,4.0,0.0
1,3.0,1.0,0.0,3.0,22.2,5.2,60.4,13.8,5.0,0.0,0.0,0.9,2.0,4.0,0.0
2,3.0,1.0,0.0,3.0,22.2,5.2,60.4,13.8,4.0,0.0,0.0,0.9,2.0,4.0,0.0
303,3.0,1.0,0.0,4.0,22.2,5.2,58.2,14.9,5.0,0.0,0.0,1.07,2.0,4.0,
0,3.0,1.0,0.0,4.0,22.2,5.2,58.2,14.9,3.0,0.0,0.0,1.07,2.0,4.0,0.0
1,3.0,1.0,0.0,4.0,22.2,5.2,58.2,14.9,4.0,0.0,0.0,1.07,2.0,4.0,0.0
31,1.0,1.0,0.0,4.0,22.2,5.1,44.23,17.5,4.0,1.0,0.0,1.12,1.0,4.0,
0,1.0,1.0,0.0,4.0,22.2,5.1,44.23,17.5,4.0,1.0,0.0,1.12,1.0,4.0,0.0
1,1.0,1.0,0.0,4.0,22.2,5.1,44.23,17.5,3.0,1.0,0.0,1.12,1.0,4.0,0.0
2,1.0,1.0,0.0,4.0,22.2,5.1,44.23,17.5,5.0,1.0,0.0,1.12,1.0,4.0,0.0
714,3.0,2.0,1.0,1.0,22.9,6.6,57.2,15.0,3.0,1.0,1.0,1.41,2.0,4.0,
0,3.0,2.0,1.0,1.0,22.9,6.6,57.2,15.0,4.0,1.0,1.0,1.41,2.0,4.0,0.0
1,3.0,2.0,1.0,1.0,22.9,6.6,57.2,15.0,5.0,1.0,1.0,1.41,2.0,4.0,0.0
2,3.0,2.0,1.0,1.0,22.9,6.6,57.2,15.0,3.0,1.0,1.0,1.41,2.0,4.0,0.0
250,3.0,1.0,0.0,3.0,22.2,5.2,60.4,14.4,4.0,0.0,0.0,1.21,2.0,4.0,
0,3.0,1.0,0.0,3.0,22.2,5.2,60.4,14.4,4.0,0.0,0.0,1.21,2.0,4.0,0.0
1,3.0,1.0,0.0,3.0,22.2,5.2,60.4,14.4,5.0,0.0,0.0,1.21,2.0,4.0,0.0
2,3.0,1.0,0.0,3.0,22.2,5.2,60.4,14.4,3.0,0.0,0.0,1.21,2.0,4.0,0.0
2011,2.0,5.0,1.0,3.0,20.6,4.6,56.7,14.1,4.0,0.0,0.0,1.57,2.0,4.0,
0,2.0,5.0,1.0,3.0,20.6,4.6,56.7,14.1,5.0,0.0,0.0,1.57,2.0,4.0,0.0
1,2.0,5.0,1.0,3.0,20.6,4.6,56.7,14.1,3.0,0.0,0.0,1.57,2.0,4.0,0.0
2,2.0,5.0,1.0,3.0,20.6,4.6,56.7,14.1,4.0,0.0,0.0,1.57,2.0,4.0,0.0
1011,2.0,3.0,1.0,1.0,18.4,8.2,74.2,12.9,3.0,0.0,1.0,1.55,2.0,4.0,
0,2.0,3.0,1.0,1.0,18.4,8.2,74.2,12.9,3.0,0.0,1.0,1.55,2.0,4.0,0.0
1,2.0,3.0,1.0,1.0,18.4,8.2,74.2,12.9,5.0,0.0,1.0,1.55,2.0,4.0,0.0
2,2.0,3.0,1.0,1.0,18.4,8.2,74.2,12.9,4.0,0.0,1.0,1.55,2.0,4.0,0.0
1563,2.0,4.0,1.0,2.0,19.6,6.6,60.7,13.0,5.0,0.0,0.0,1.51,2.0,4.0,
0,2.0,4.0,1.0,2.0,19.6,6.6,60.7,13.0,3.0,0.0,0.0,1.51,2.0,4.0,0.0
1,2.0,4.0,1.0,2.0,19.6,6.6,60.7,13.0,5.0,0.0,0.0,1.51,2.0,4.0,0.0
2,2.0,4.0,1.0,2.0,19.6,6.6,60.7,13.0,4.0,0.0,0.0,1.51,2.0,4.0,0.0
559,1.0,2.0,1.0,1.0,20.5,5.0,64.7,14.5,3.0,1.0,1.0,1.38,1.0,4.0,
0,1.0,2.0,1.0,1.0,20.5,5.0,64.7,14.5,5.0,1.0,1.0,1.38,1.0,4.0,0.0
1,1.0,2.0,1.0,1.0,20.5,5.0,64.7,14.5,3.0,1.0,1.0,1.38,1.0,4.0,0.0
2,1.0,2.0,1.0,1.0,20.5,5.0,64.7,14.5,4.0,1.0,1.0,1.38,1.0,4.0,0.0
897,1.0,3.0,1.0,2.0,22.4,10.1,48.6,17.0,4.0,1.0,1.0,1.19,2.0,4.0,
0,1.0,3.0,1.0,2.0,22.4,10.1,48.6,17.0,4.0,1.0,1.0,1.19,2.0,4.0,0.0
1,1.0,3.0,1.0,2.0,22.4,10.1,48.6,17.0,3.0,1.0,1.0,1.19,2.0,4.0,0.0
2,1.0,3.0,1.0,2.0,22.4,10.1,48.6,17.0,5.0,1.0,1.0,1.19,2.0,4.0,0.0
1124,3.0,3.0,1.0,1.0,21.2,5.6,62.3,14.0,3.0,1.0,1.0,1.69,2.0,4.0,
0,3.0,3.0,1.0,1.0,21.2,5.6,62.3,14.0,5.0,1.0,1.0,1.69,2.0,4.0,0.0
1,3.0,3.0,1.0,1.0,21.2,5.6,62.3,14.0,4.0,1.0,1.0,1.69,2.0,4.0,0.0
2,3.0,3.0,1.0,1.0,21.2,5.6,62.3,14.0,3.0,1.0,1.0,1.69,2.0,4.0,0.0
1718,4.0,4.0,1.0,1.0,20.8,4.2,75.6,13.6,4.0,1.0,0.0,1.07,2.0,4.0,
0,4.0,4.0,1.0,1.0,20.8,4.2,75.6,13.6,3.0,1.0,0.0,1.07,2.0,4.0,0.0
1,4.0,4.0,1.0,1.0,20.8,4.2,75.6,13.6,5.0,1.0,0.0,1.07,2.0,4.0,0.0
2,4.0,4.0,1.0,1.0,20.8,4.2,75.6,13.6,4.0,1.0,0.0,1.07,2.0,4.0,0.0
221,3.0,1.0,0.0,3.0,22.2,5.2,60.6,13.8,3.0,0.0,0.0,1.04,2.0,4.0,
0,3.0,1.0,0.0,3.0,22.2,5.2,60.6,13.8,3.0,0.0,0.0,1.04,2.0,4.0,0.0
1,3.0,1.0,0.0,3.0,22.2,5.2,60.6,13.8,5.0,0.0,0.0,1.04,2.0,4.0,0.0
2,3.0,1.0,0.0,3.0,22.2,5.2,60.6,13.8,4.0,0.0,0.0,1.04,2.0,4.0,0.0
504,5.0,1.0,0.0,2.0,24.2,6.0,61.0,15.6,4.0,0.0,0.0,1.21,2.0,4.0,
0,5.0,1.0,0.0,2.0,24.2,6.0,61.0,15.6,3.0,0.0,0.0,1.21,2.0,4.0,0.0
1,5.0,1.0,0.0,2.0,24.2,6.0,61.0,15.6,4.0,0.0,0.0,1.21,2.0,4.0,0.0
2,5.0,1.0,0.0,2.0,24.2,6.0,61.0,15.6,5.0,0.0,0.0,1.21,2.0,4.0,0.0
2034,2.0,5.0,1.0,3.0,20.6,4.6,52.4,14.9,5.0,1.0,0.0,1.43,2.0,4.0,
0,2.0,5.0,1.0,3.0,20.6,4.6,52.4,14.9,4.0,1.0,0.0,1.43,2.0,4.0,0.0
1,2.0,5.0,1.0,3.0,20.6,4.6,52.4,14.9,5.0,1.0,0.0,1.43,2.0,4.0,0.0
2,2.0,5.0,1.0,3.0,20.6,4.6,52.4,14.9,3.0,1.0,0.0,1.43,2.0,4.0,0.0
1601,3.0,4.0,1.0,1.0,20.0,8.8,60.5,13.6,3.0,0.0,1.0,1.35,2.0,4.0,
0,3.0,4.0,1.0,1.0,20.0,8.8,60.5,13.6,3.0,0.0,1.0,1.35,2.0,4.0,0.0
1,3.0,4.0,1.0,1.0,20.0,8.8,60.5,13.6,5.0,0.0,1.0,1.35,2.0,4.0,0.0
2,3.0,4.0,1.0,1.0,20.0,8.8,60.5,13.6,4.0,0.0,1.0,1.35,2.0,4.0,0.0
1955,1.0,5.0,1.0,4.0,20.8,4.2,59.1,15.1,5.0,1.0,1.0,1.49,2.0,4.0,
1133,3.0,3.0,1.0,1.0,21.2,5.6,62.3,14.0,3.0,0.0,1.0,1.18,2.0,4.0,
0,3.0,3.0,1.0,1.0,21.2,5.6,62.3,14.0,3.0,0.0,1.0,1.18,2.0,4.0,0.0
982,2.0,3.0,1.0,1.0,18.4,8.2,74.2,12.9,3.0,1.0,1.0,1.38,2.0,4.0,
0,2.0,3.0,1.0,1.0,18.4,8.2,74.2,12.9,4.0,1.0,1.0,1.38,2.0,4.0,0.0
1,2.0,3.0,1.0,1.0,18.4,8.2,74.2,12.9,3.0,1.0,1.0,1.38,2.0,4.0,0.0
2,2.0,3.0,1.0,1.0,18.4,8.2,74.2,12.9,5.0,1.0,1.0,1.38,2.0,4.0,0.0
1892,5.0,4.0,1.0,2.0,20.6,4.6,60.4,13.0,5.0,0.0,1.0,1.24,1.0,4.0,
1065,2.0,3.0,1.0,2.0,18.4,8.2,73.0,13.0,4.0,1.0,1.0,1.46,2.0,4.0,
0,2.0,3.0,1.0,2.0,18.4,8.2,73.0,13.0,5.0,1.0,1.0,1.46,2.0,4.0,0.0
1293,4.0,3.0,1.0,1.0,17.6,8.4,64.0,14.1,3.0,1.0,1.0,1.5,2.0,1.0,
0,4.0,3.0,1.0,1.0,17.6,8.4,64.0,14.1,5.0,1.0,1.0,1.5,2.0,1.0,0.0
1,4.0,3.0,1.0,1.0,17.6,8.4,64.0,14.1,3.0,1.0,1.0,1.5,2.0,1.0,0.0
2,4.0,3.0,1.0,1.0,17.6,8.4,64.0,14.1,4.0,1.0,1.0,1.5,2.0,1.0,0.0
479,5.0,1.0,0.0,2.0,24.2,6.0,58.9,15.6,4.0,0.0,0.0,1.4,2.0,4.0,
0,5.0,1.0,0.0,2.0,24.2,6.0,58.9,15.6,4.0,0.0,0.0,1.4,2.0,4.0,0.0
1,5.0,1.0,0.0,2.0,24.2,6.0,58.9,15.6,5.0,0.0,0.0,1.4,2.0,4.0,0.0
2,5.0,1.0,0.0,2.0,24.2,6.0,58.9,15.6,3.0,0.0,0.0,1.4,2.0,4.0,0.0
1858,5.0,4.0,1.0,1.0,20.6,4.6,65.4,13.0,4.0,0.0,1.0,1.55,2.0,4.0,
0,5.0,4.0,1.0,1.0,20.6,4.6,65.4,13.0,5.0,0.0,1.0,1.55,2.0,4.0,0.0
1,5.0,4.0,1.0,1.0,20.6,4.6,65.4,13.0,4.0,0.0,1.0,1.55,2.0,4.0,0.0
1963,1.0,5.0,1.0,4.0,20.8,4.2,59.1,15.1,5.0,0.0,1.0,1.66,2.0,4.0,
0,1.0,5.0,1.0,4.0,20.8,4.2,59.1,15.1,3.0,0.0,1.0,1.66,2.0,4.0,0.0
1,1.0,5.0,1.0,4.0,20.8,4.2,59.1,15.1,4.0,0.0,1.0,1.66,2.0,4.0,0.0
2,1.0,5.0,1.0,4.0,20.8,4.2,59.1,15.1,5.0,0.0,1.0,1.66,2.0,4.0,0.0
188,2.0,1.0,0.0,5.0,20.5,5.0,57.53,15.3,5.0,0.0,0.0,1.04,2.0,4.0,
0,2.0,1.0,0.0,5.0,20.5,5.0,57.53,15.3,4.0,0.0,0.0,1.04,2.0,4.0,0.0
1,2.0,1.0,0.0,5.0,20.5,5.0,57.53,15.3,5.0,0.0,0.0,1.04,2.0,4.0,0.0
2,2.0,1.0,0.0,5.0,20.5,5.0,57.53,15.3,3.0,0.0,0.0,1.04,2.0,4.0,0.0
588,1.0,2.0,1.0,2.0,20.5,5.0,63.8,14.6,4.0,1.0,1.0,1.66,1.0,1.0,
0,1.0,2.0,1.0,2.0,20.5,5.0,63.8,14.6,3.0,1.0,1.0,1.66,1.0,1.0,0.0
1,1.0,2.0,1.0,2.0,20.5,5.0,63.8,14.6,4.0,1.0,1.0,1.66,1.0,1.0,0.0
2,1.0,2.0,1.0,2.0,20.5,5.0,63.8,14.6,5.0,1.0,1.0,1.66,1.0,1.0,0.0
125,2.0,1.0,0.0,4.0,20.5,5.0,66.39,15.6,3.0,0.0,0.0,1.21,2.0,4.0,
0,2.0,1.0,0.0,4.0,20.5,5.0,66.39,15.6,3.0,0.0,0.0,1.21,2.0,4.0,0.0
1,2.0,1.0,0.0,4.0,20.5,5.0,66.39,15.6,4.0,0.0,0.0,1.21,2.0,4.0,0.0
2,2.0,1.0,0.0,4.0,20.5,5.0,66.39,15.6,5.0,0.0,0.0,1.21,2.0,4.0,0.0
1375,4.0,3.0,1.0,2.0,17.6,8.4,69.9,13.4,5.0,1.0,1.0,1.44,2.0,1.0,
0,4.0,3.0,1.0,2.0,17.6,8.4,69.9,13.4,4.0,1.0,1.0,1.44,2.0,1.0,0.0
1,4.0,3.0,1.0,2.0,17.6,8.4,69.9,13.4,3.0,1.0,1.0,1.44,2.0,1.0,0.0
2,4.0,3.0,1.0,2.0,17.6,8.4,69.9,13.4,5.0,1.0,1.0,1.44,2.0,1.0,0.0
906,1.0,3.0,1.0,2.0,22.4,10.1,48.6,17.0,4.0,1.0,1.0,1.24,2.0,4.0,
0,1.0,3.0,1.0,2.0,22.4,10.1,48.6,17.0,5.0,1.0,1.0,1.24,2.0,4.0,0.0
1,1.0,3.0,1.0,2.0,22.4,10.1,48.6,17.0,4.0,1.0,1.0,1.24,2.0,4.0,0.0
2,1.0,3.0,1.0,2.0,22.4,10.1,48.6,17.0,3.0,1.0,1.0,1.24,2.0,4.0,0.0
490,5.0,1.0,0.0,2.0,24.2,6.0,58.9,15.6,4.0,0.0,0.0,1.57,2.0,4.0,
0,5.0,1.0,0.0,2.0,24.2,6.0,58.9,15.6,3.0,0.0,0.0,1.57,2.0,4.0,0.0
1,5.0,1.0,0.0,2.0,24.2,6.0,58.9,15.6,5.0,0.0,0.0,1.57,2.0,4.0,0.0
2,5.0,1.0,0.0,2.0,24.2,6.0,58.9,15.6,4.0,0.0,0.0,1.57,2.0,4.0,0.0
931,1.0,3.0,1.0,2.0,22.4,10.1,48.6,17.0,4.0,1.0,1.0,1.69,2.0,4.0,
0,1.0,3.0,1.0,2.0,22.4,10.1,48.6,17.0,3.0,1.0,1.0,1.69,2.0,4.0,0.0
1,1.0,3.0,1.0,2.0,22.4,10.1,48.6,17.0,4.0,1.0,1.0,1.69,2.0,4.0,0.0
2,1.0,3.0,1.0,2.0,22.4,10.1,48.6,17.0,5.0,1.0,1.0,1.69,2.0,4.0,0.0
441,5.0,1.0,0.0,2.0,24.2,6.0,53.3,15.1,3.0,0.0,0.0,1.4,2.0,1.0,
0,5.0,1.0,0.0,2.0,24.2,6.0,53.3,15.1,4.0,0.0,0.0,1.4,2.0,1.0,0.0
1,5.0,1.0,0.0,2.0,24.2,6.0,53.3,15.1,5.0,0.0,0.0,1.4,2.0,1.0,0.0
2,5.0,1.0,0.0,2.0,24.2,6.0,53.3,15.1,3.0,0.0,0.0,1.4,2.0,1.0,0.0
1681,3.0,4.0,1.0,2.0,20.0,8.8,55.8,13.3,5.0,1.0,1.0,1.25,2.0,4.0,
0,3.0,4.0,1.0,2.0,20.0,8.8,55.8,13.3,4.0,1.0,1.0,1.25,2.0,4.0,0.0
1,3.0,4.0,1.0,2.0,20.0,8.8,55.8,13.3,3.0,1.0,1.0,1.25,2.0,4.0,0.0
1820,5.0,4.0,1.0,1.0,20.6,4.6,68.9,13.7,3.0,1.0,1.0,1.5,2.0,4.0,
0,5.0,4.0,1.0,1.0,20.6,4.6,68.9,13.7,5.0,1.0,1.0,1.5,2.0,4.0,0.0
1,5.0,4.0,1.0,1.0,20.6,4.6,68.9,13.7,4.0,1.0,1.0,1.5,2.0,4.0,0.0
2,5.0,4.0,1.0,1.0,20.6,4.6,68.9,13.7,3.0,1.0,1.0,1.5,2.0,4.0,0.0
1817,5.0,4.0,1.0,1.0,20.6,4.6,68.9,13.7,3.0,1.0,1.0,1.33,2.0,4.0,
0,5.0,4.0,1.0,1.0,20.6,4.6,68.9,13.7,3.0,1.0,1.0,1.33,2.0,4.0,0.0
1,5.0,4.0,1.0,1.0,20.6,4.6,68.9,13.7,5.0,1.0,1.0,1.33,2.0,4.0,0.0
2,5.0,4.0,1.0,1.0,20.6,4.6,68.9,13.7,4.0,1.0,1.0,1.33,2.0,4.0,0.0
802,4.0,2.0,1.0,1.0,24.2,6.0,60.3,15.8,3.0,1.0,0.0,1.26,2.0,4.0,
0,4.0,2.0,1.0,1.0,24.2,6.0,60.3,15.8,5.0,1.0,0.0,1.26,2.0,4.0,0.0
1367,4.0,3.0,1.0,2.0,17.6,8.4,69.9,13.4,5.0,1.0,1.0,1.63,2.0,4.0,
0,4.0,3.0,1.0,2.0,17.6,8.4,69.9,13.4,4.0,1.0,1.0,1.63,2.0,4.0,0.0
1,4.0,3.0,1.0,2.0,17.6,8.4,69.9,13.4,5.0,1.0,1.0,1.63,2.0,4.0,0.0
2,4.0,3.0,1.0,2.0,17.6,8.4,69.9,13.4,3.0,1.0,1.0,1.63,2.0,4.0,0.0
914,1.0,3.0,1.0,2.0,22.4,10.1,48.6,17.0,4.0,0.0,1.0,1.33,3.0,4.0,
961,1.0,3.0,1.0,3.0,22.4,10.1,46.3,17.0,5.0,0.0,1.0,1.69,2.0,4.0,
0,1.0,3.0,1.0,3.0,22.4,10.1,46.3,17.0,5.0,0.0,1.0,1.69,2.0,4.0,0.0
1,1.0,3.0,1.0,3.0,22.4,10.1,46.3,17.0,3.0,0.0,1.0,1.69,2.0,4.0,0.0
2,1.0,3.0,1.0,3.0,22.4,10.1,46.3,17.0,4.0,0.0,1.0,1.69,2.0,4.0,0.0
1045,2.0,3.0,1.0,2.0,18.4,8.2,73.0,13.0,4.0,0.0,1.0,1.36,2.0,4.0,
0,2.0,3.0,1.0,2.0,18.4,8.2,73.0,13.0,4.0,0.0,1.0,1.36,2.0,4.0,0.0
1,2.0,3.0,1.0,2.0,18.4,8.2,73.0,13.0,5.0,0.0,1.0,1.36,2.0,4.0,0.0
2,2.0,3.0,1.0,2.0,18.4,8.2,73.0,13.0,3.0,0.0,1.0,1.36,2.0,4.0,0.0
1652,3.0,4.0,1.0,2.0,20.0,8.8,55.8,13.3,5.0,1.0,1.0,1.46,2.0,1.0,
0,3.0,4.0,1.0,2.0,20.0,8.8,55.8,13.3,4.0,1.0,1.0,1.46,2.0,1.0,0.0
1,3.0,4.0,1.0,2.0,20.0,8.8,55.8,13.3,3.0,1.0,1.0,1.46,2.0,1.0,0.0
2,3.0,4.0,1.0,2.0,20.0,8.8,55.8,13.3,5.0,1.0,1.0,1.46,2.0,1.0,0.0
460,5.0,1.0,0.0,2.0,24.2,6.0,58.9,15.1,3.0,1.0,0.0,1.04,2.0,4.0,
0,5.0,1.0,0.0,2.0,24.2,6.0,58.9,15.1,4.0,1.0,0.0,1.04,2.0,4.0,0.0
1,5.0,1.0,0.0,2.0,24.2,6.0,58.9,15.1,3.0,1.0,0.0,1.04,2.0,4.0,0.0
2,5.0,1.0,0.0,2.0,24.2,6.0,58.9,15.1,5.0,1.0,0.0,1.04,2.0,4.0,0.0
466,5.0,1.0,0.0,2.0,24.2,6.0,58.9,15.1,3.0,1.0,0.0,1.04,2.0,4.0,
0,5.0,1.0,0.0,2.0,24.2,6.0,58.9,15.1,3.0,1.0,0.0,1.04,2.0,4.0,0.0
1,5.0,1.0,0.0,2.0,24.2,6.0,58.9,15.1,5.0,1.0,0.0,1.04,2.0,4.0,0.0
2,5.0,1.0,0.0,2.0,24.2,6.0,58.9,15.1,4.0,1.0,0.0,1.04,2.0,4.0,0.0
944,1.0,3.0,1.0,3.0,22.4,10.1,46.3,17.0,5.0,1.0,1.0,1.5,2.0,4.0,
0,1.0,3.0,1.0,3.0,22.4,10.1,46.3,17.0,5.0,1.0,1.0,1.5,2.0,4.0,0.0
1,1.0,3.0,1.0,3.0,22.4,10.1,46.3,17.0,4.0,1.0,1.0,1.5,2.0,4.0,0.0
2,1.0,3.0,1.0,3.0,22.4,10.1,46.3,17.0,3.0,1.0,1.0,1.5,2.0,4.0,0.0
437,5.0,1.0,0.0,2.0,24.2,6.0,53.3,15.1,3.0,0.0,0.0,1.4,2.0,4.0,
0,5.0,1.0,0.0,2.0,24.2,6.0,53.3,15.1,3.0,0.0,0.0,1.4,2.0,4.0,0.0
1,5.0,1.0,0.0,2.0,24.2,6.0,53.3,15.1,4.0,0.0,0.0,1.4,2.0,4.0,0.0
2,5.0,1.0,0.0,2.0,24.2,6.0,53.3,15.1,5.0,0.0,0.0,1.4,2.0,4.0,0.0
922,1.0,3.0,1.0,2.0,22.4,10.1,48.6,17.0,4.0,0.0,1.0,1.52,2.0,4.0,
0,1.0,3.0,1.0,2.0,22.4,10.1,48.6,17.0,4.0,0.0,1.0,1.52,2.0,4.0,0.0
1092,2.0,3.0,1.0,2.0,18.4,8.2,68.3,12.8,5.0,1.0,1.0,1.55,2.0,4.0,
0,2.0,3.0,1.0,2.0,18.4,8.2,68.3,12.8,5.0,1.0,1.0,1.55,2.0,4.0,0.0
1,2.0,3.0,1.0,2.0,18.4,8.2,68.3,12.8,3.0,1.0,1.0,1.55,2.0,4.0,0.0
2,2.0,3.0,1.0,2.0,18.4,8.2,68.3,12.8,4.0,1.0,1.0,1.55,2.0,4.0,0.0
362,4.0,1.0,0.0,3.0,22.9,6.6,59.0,14.0,4.0,0.0,0.0,1.21,2.0,4.0,
0,4.0,1.0,0.0,3.0,22.9,6.6,59.0,14.0,4.0,0.0,0.0,1.21,2.0,4.0,0.0
1,4.0,1.0,0.0,3.0,22.9,6.6,59.0,14.0,5.0,0.0,0.0,1.21,2.0,4.0,0.0
2,4.0,1.0,0.0,3.0,22.9,6.6,59.0,14.0,3.0,0.0,0.0,1.21,2.0,4.0,0.0
387,4.0,1.0,0.0,3.0,22.9,6.6,54.6,14.0,4.0,0.0,0.0,1.04,2.0,4.0,
0,4.0,1.0,0.0,3.0,22.9,6.6,54.6,14.0,3.0,0.0,0.0,1.04,2.0,4.0,0.0
1,4.0,1.0,0.0,3.0,22.9,6.6,54.6,14.0,4.0,0.0,0.0,1.04,2.0,4.0,0.0
1674,3.0,4.0,1.0,2.0,20.0,8.8,55.8,13.3,5.0,0.0,1.0,1.33,1.0,4.0,
1644,3.0,4.0,1.0,2.0,20.0,8.8,67.4,13.0,4.0,0.0,0.0,1.29,2.0,1.0,
0,3.0,4.0,1.0,2.0,20.0,8.8,67.4,13.0,5.0,0.0,0.0,1.29,2.0,1.0,0.0
1,3.0,4.0,1.0,2.0,20.0,8.8,67.4,13.0,3.0,0.0,0.0,1.29,2.0,1.0,0.0
2,3.0,4.0,1.0,2.0,20.0,8.8,67.4,13.0,4.0,0.0,0.0,1.29,2.0,1.0,0.0
1333,4.0,3.0,1.0,2.0,17.6,8.4,62.2,14.0,4.0,1.0,1.0,1.54,2.0,3.0,
0,4.0,3.0,1.0,2.0,17.6,8.4,62.2,14.0,3.0,1.0,1.0,1.54,2.0,3.0,0.0
1,4.0,3.0,1.0,2.0,17.6,8.4,62.2,14.0,4.0,1.0,1.0,1.54,2.0,3.0,0.0
2,4.0,3.0,1.0,2.0,17.6,8.4,62.2,14.0,5.0,1.0,1.0,1.54,2.0,3.0,0.0
1040,2.0,3.0,1.0,2.0,18.4,8.2,73.0,13.0,4.0,1.0,1.0,1.13,2.0,4.0,
0,2.0,3.0,1.0,2.0,18.4,8.2,73.0,13.0,4.0,1.0,1.0,1.13,2.0,4.0,0.0
1,2.0,3.0,1.0,2.0,18.4,8.2,73.0,13.0,5.0,1.0,1.0,1.13,2.0,4.0,0.0
2,2.0,3.0,1.0,2.0,18.4,8.2,73.0,13.0,3.0,1.0,1.0,1.13,2.0,4.0,0.0
1043,2.0,3.0,1.0,2.0,18.4,8.2,73.0,13.0,4.0,1.0,1.0,1.41,2.0,4.0,
0,2.0,3.0,1.0,2.0,18.4,8.2,73.0,13.0,5.0,1.0,1.0,1.41,2.0,4.0,0.0
1,2.0,3.0,1.0,2.0,18.4,8.2,73.0,13.0,4.0,1.0,1.0,1.41,2.0,4.0,0.0
2,2.0,3.0,1.0,2.0,18.4,8.2,73.0,13.0,3.0,1.0,1.0,1.41,2.0,4.0,0.0
1877,5.0,4.0,1.0,2.0,20.6,4.6,60.4,13.0,5.0,1.0,1.0,1.19,2.0,4.0,
0,5.0,4.0,1.0,2.0,20.6,4.6,60.4,13.0,3.0,1.0,1.0,1.19,2.0,4.0,0.0
1,5.0,4.0,1.0,2.0,20.6,4.6,60.4,13.0,5.0,1.0,1.0,1.19,2.0,4.0,0.0
2,5.0,4.0,1.0,2.0,20.6,4.6,60.4,13.0,4.0,1.0,1.0,1.19,2.0,4.0,0.0
774,4.0,2.0,1.0,1.0,24.2,6.0,60.3,15.8,3.0,1.0,0.0,1.21,2.0,2.0,
0,4.0,2.0,1.0,1.0,24.2,6.0,60.3,15.8,4.0,1.0,0.0,1.21,2.0,2.0,0.0
1,4.0,2.0,1.0,1.0,24.2,6.0,60.3,15.8,3.0,1.0,0.0,1.21,2.0,2.0,0.0
2,4.0,2.0,1.0,1.0,24.2,6.0,60.3,15.8,5.0,1.0,0.0,1.21,2.0,2.0,0.0
1358,4.0,3.0,1.0,2.0,17.6,8.4,69.9,13.4,5.0,1.0,1.0,1.3,2.0,1.0,
0,4.0,3.0,1.0,2.0,17.6,8.4,69.9,13.4,4.0,1.0,1.0,1.3,2.0,1.0,0.0
1,4.0,3.0,1.0,2.0,17.6,8.4,69.9,13.4,5.0,1.0,1.0,1.3,2.0,1.0,0.0
2,4.0,3.0,1.0,2.0,17.6,8.4,69.9,13.4,3.0,1.0,1.0,1.3,2.0,1.0,0.0
1115,3.0,3.0,1.0,1.0,18.4,8.2,62.3,12.8,3.0,1.0,1.0,1.24,2.0,4.0,
0,3.0,3.0,1.0,1.0,18.4,8.2,62.3,12.8,4.0,1.0,1.0,1.24,2.0,4.0,0.0
1,3.0,3.0,1.0,1.0,18.4,8.2,62.3,12.8,3.0,1.0,1.0,1.24,2.0,4.0,0.0
2,3.0,3.0,1.0,1.0,18.4,8.2,62.3,12.8,5.0,1.0,1.0,1.24,2.0,4.0,0.0
687,3.0,2.0,1.0,1.0,22.9,6.6,56.9,15.0,3.0,0.0,1.0,1.41,3.0,4.0,
0,3.0,2.0,1.0,1.0,22.9,6.6,56.9,15.0,3.0,0.0,1.0,1.41,3.0,4.0,0.0
1,3.0,2.0,1.0,1.0,22.9,6.6,56.9,15.0,5.0,0.0,1.0,1.41,3.0,4.0,0.0
2,3.0,2.0,1.0,1.0,22.9,6.6,56.9,15.0,4.0,0.0,1.0,1.41,3.0,4.0,0.0
635,2.0,2.0,1.0,1.0,22.2,5.2,65.0,14.6,3.0,1.0,1.0,1.52,2.0,1.0,
0,2.0,2.0,1.0,1.0,22.2,5.2,65.0,14.6,3.0,1.0,1.0,1.52,2.0,1.0,0.0
1,2.0,2.0,1.0,1.0,22.2,5.2,65.0,14.6,5.0,1.0,1.0,1.52,2.0,1.0,0.0
2,2.0,2.0,1.0,1.0,22.2,5.2,65.0,14.6,4.0,1.0,1.0,1.52,2.0,1.0,0.0
963,1.0,3.0,1.0,3.0,22.4,10.1,46.3,17.0,5.0,0.0,1.0,1.55,2.0,4.0,
0,1.0,3.0,1.0,3.0,22.4,10.1,46.3,17.0,4.0,0.0,1.0,1.55,2.0,4.0,0.0
1,1.0,3.0,1.0,3.0,22.4,10.1,46.3,17.0,5.0,0.0,1.0,1.55,2.0,4.0,0.0
2,1.0,3.0,1.0,3.0,22.4,10.1,46.3,17.0,3.0,0.0,1.0,1.55,2.0,4.0,0.0
1508,2.0,4.0,1.0,2.0,19.6,6.6,65.2,14.1,4.0,0.0,1.0,1.55,2.0,4.0,
0,2.0,4.0,1.0,2.0,19.6,6.6,65.2,14.1,3.0,0.0,1.0,1.55,2.0,4.0,0.0
1,2.0,4.0,1.0,2.0,19.6,6.6,65.2,14.1,4.0,0.0,1.0,1.55,2.0,4.0,0.0
2,2.0,4.0,1.0,2.0,19.6,6.6,65.2,14.1,5.0,0.0,1.0,1.55,2.0,4.0,0.0
667,2.0,2.0,1.0,1.0,22.2,5.2,56.9,13.5,4.0,1.0,1.0,1.54,2.0,4.0,
1228,3.0,3.0,1.0,2.0,21.2,5.6,60.9,14.0,5.0,0.0,1.0,1.55,2.0,4.0,
0,3.0,3.0,1.0,2.0,21.2,5.6,60.9,14.0,4.0,0.0,1.0,1.55,2.0,4.0,0.0
1,3.0,3.0,1.0,2.0,21.2,5.6,60.9,14.0,5.0,0.0,1.0,1.55,2.0,4.0,0.0
2,3.0,3.0,1.0,2.0,21.2,5.6,60.9,14.0,3.0,0.0,1.0,1.55,2.0,4.0,0.0
1326,4.0,3.0,1.0,2.0,17.6,8.4,62.2,14.0,4.0,0.0,1.0,1.19,2.0,4.0,
0,4.0,3.0,1.0,2.0,17.6,8.4,62.2,14.0,5.0,0.0,1.0,1.19,2.0,4.0,0.0
1,4.0,3.0,1.0,2.0,17.6,8.4,62.2,14.0,3.0,0.0,1.0,1.19,2.0,4.0,0.0
2,4.0,3.0,1.0,2.0,17.6,8.4,62.2,14.0,4.0,0.0,1.0,1.19,2.0,4.0,0.0
1637,3.0,4.0,1.0,2.0,20.0,8.8,67.4,13.0,4.0,1.0,0.0,1.12,2.0,1.0,
0,3.0,4.0,1.0,2.0,20.0,8.8,67.4,13.0,5.0,1.0,0.0,1.12,2.0,1.0,0.0
1,3.0,4.0,1.0,2.0,20.0,8.8,67.4,13.0,4.0,1.0,0.0,1.12,2.0,1.0,0.0
2,3.0,4.0,1.0,2.0,20.0,8.8,67.4,13.0,3.0,1.0,0.0,1.12,2.0,1.0,0.0
1033,2.0,3.0,1.0,2.0,18.4,8.2,73.0,13.0,4.0,1.0,1.0,1.33,2.0,4.0,
0,2.0,3.0,1.0,2.0,18.4,8.2,73.0,13.0,3.0,1.0,1.0,1.33,2.0,4.0,0.0
1,2.0,3.0,1.0,2.0,18.4,8.2,73.0,13.0,4.0,1.0,1.0,1.33,2.0,4.0,0.0
2,2.0,3.0,1.0,2.0,18.4,8.2,73.0,13.0,5.0,1.0,1.0,1.33,2.0,4.0,0.0
1686,3.0,4.0,1.0,2.0,20.0,8.8,55.8,13.3,5.0,1.0,1.0,1.3,2.0,4.0,
0,3.0,4.0,1.0,2.0,20.0,8.8,55.8,13.3,3.0,1.0,1.0,1.3,2.0,4.0,0.0
1,3.0,4.0,1.0,2.0,20.0,8.8,55.8,13.3,5.0,1.0,1.0,1.3,2.0,4.0,0.0
2,3.0,4.0,1.0,2.0,20.0,8.8,55.8,13.3,4.0,1.0,1.0,1.3,2.0,4.0,0.0
533,5.0,1.0,0.0,3.0,24.2,6.0,64.7,15.6,5.0,1.0,0.0,1.04,2.0,4.0,
0,5.0,1.0,0.0,3.0,24.2,6.0,64.7,15.6,3.0,1.0,0.0,1.04,2.0,4.0,0.0
1,5.0,1.0,0.0,3.0,24.2,6.0,64.7,15.6,5.0,1.0,0.0,1.04,2.0,4.0,0.0
2,5.0,1.0,0.0,3.0,24.2,6.0,64.7,15.6,4.0,1.0,0.0,1.04,2.0,4.0,0.0
391,4.0,1.0,0.0,3.0,22.9,6.6,54.6,14.0,4.0,0.0,0.0,1.21,1.0,4.0,
0,4.0,1.0,0.0,3.0,22.9,6.6,54.6,14.0,4.0,0.0,0.0,1.21,1.0,4.0,0.0
1,4.0,1.0,0.0,3.0,22.9,6.6,54.6,14.0,5.0,0.0,0.0,1.21,1.0,4.0,0.0
2,4.0,1.0,0.0,3.0,22.9,6.6,54.6,14.0,3.0,0.0,0.0,1.21,1.0,4.0,0.0
800,4.0,2.0,1.0,1.0,24.2,6.0,60.3,15.8,3.0,1.0,0.0,1.65,2.0,4.0,
0,4.0,2.0,1.0,1.0,24.2,6.0,60.3,15.8,4.0,1.0,0.0,1.65,2.0,4.0,0.0
1,4.0,2.0,1.0,1.0,24.2,6.0,60.3,15.8,3.0,1.0,0.0,1.65,2.0,4.0,0.0
2,4.0,2.0,1.0,1.0,24.2,6.0,60.3,15.8,5.0,1.0,0.0,1.65,2.0,4.0,0.0
564,1.0,2.0,1.0,1.0,20.5,5.0,64.7,14.5,3.0,1.0,1.0,1.77,2.0,4.0,
0,1.0,2.0,1.0,1.0,20.5,5.0,64.7,14.5,4.0,1.0,1.0,1.77,2.0,4.0,0.0
1,1.0,2.0,1.0,1.0,20.5,5.0,64.7,14.5,5.0,1.0,1.0,1.77,2.0,4.0,0.0
2,1.0,2.0,1.0,1.0,20.5,5.0,64.7,14.5,3.0,1.0,1.0,1.77,2.0,4.0,0.0
488,5.0,1.0,0.0,2.0,24.2,6.0,58.9,15.6,4.0,0.0,0.0,1.04,2.0,4.0,
0,5.0,1.0,0.0,2.0,24.2,6.0,58.9,15.6,4.0,0.0,0.0,1.04,2.0,4.0,0.0
1,5.0,1.0,0.0,2.0,24.2,6.0,58.9,15.6,5.0,0.0,0.0,1.04,2.0,4.0,0.0
2,5.0,1.0,0.0,2.0,24.2,6.0,58.9,15.6,3.0,0.0,0.0,1.04,2.0,4.0,0.0
486,5.0,1.0,0.0,2.0,24.2,6.0,58.9,15.6,4.0,0.0,0.0,1.26,2.0,4.0,
0,5.0,1.0,0.0,2.0,24.2,6.0,58.9,15.6,4.0,0.0,0.0,1.26,2.0,4.0,0.0
1,5.0,1.0,0.0,2.0,24.2,6.0,58.9,15.6,5.0,0.0,0.0,1.26,2.0,4.0,0.0
2,5.0,1.0,0.0,2.0,24.2,6.0,58.9,15.6,3.0,0.0,0.0,1.26,2.0,4.0,0.0
1730,4.0,4.0,1.0,1.0,20.8,4.2,75.6,13.2,4.0,0.0,0.0,1.07,2.0,4.0,
0,4.0,4.0,1.0,1.0,20.8,4.2,75.6,13.2,5.0,0.0,0.0,1.07,2.0,4.0,0.0
1,4.0,4.0,1.0,1.0,20.8,4.2,75.6,13.2,3.0,0.0,0.0,1.07,2.0,4.0,0.0
964,1.0,3.0,1.0,3.0,22.4,10.1,46.3,17.0,5.0,1.0,1.0,1.69,2.0,1.0,
0,1.0,3.0,1.0,3.0,22.4,10.1,46.3,17.0,4.0,1.0,1.0,1.69,2.0,1.0,0.0
1002,2.0,3.0,1.0,1.0,18.4,8.2,74.2,12.9,3.0,0.0,1.0,1.19,1.0,4.0,
0,2.0,3.0,1.0,1.0,18.4,8.2,74.2,12.9,4.0,0.0,1.0,1.19,1.0,4.0,0.0
1,2.0,3.0,1.0,1.0,18.4,8.2,74.2,12.9,5.0,0.0,1.0,1.19,1.0,4.0,0.0
2,2.0,3.0,1.0,1.0,18.4,8.2,74.2,12.9,3.0,0.0,1.0,1.19,1.0,4.0,0.0
1550,2.0,4.0,1.0,2.0,19.6,6.6,60.7,13.0,5.0,0.0,0.0,1.4,2.0,4.0,
0,2.0,4.0,1.0,2.0,19.6,6.6,60.7,13.0,5.0,0.0,0.0,1.4,2.0,4.0,0.0
1,2.0,4.0,1.0,2.0,19.6,6.6,60.7,13.0,4.0,0.0,0.0,1.4,2.0,4.0,0.0
2,2.0,4.0,1.0,2.0,19.6,6.6,60.7,13.0,3.0,0.0,0.0,1.4,2.0,4.0,0.0
1992,2.0,5.0,1.0,3.0,20.6,4.6,59.0,13.9,3.0,1.0,0.0,1.43,2.0,4.0,
0,2.0,5.0,1.0,3.0,20.6,4.6,59.0,13.9,3.0,1.0,0.0,1.43,2.0,4.0,0.0
1,2.0,5.0,1.0,3.0,20.6,4.6,59.0,13.9,4.0,1.0,0.0,1.43,2.0,4.0,0.0
2,2.0,5.0,1.0,3.0,20.6,4.6,59.0,13.9,5.0,1.0,0.0,1.43,2.0,4.0,0.0
1227,3.0,3.0,1.0,2.0,21.2,5.6,60.9,14.0,5.0,1.0,1.0,1.33,1.0,4.0,
1269,4.0,3.0,1.0,1.0,17.6,8.4,64.0,14.1,3.0,0.0,1.0,1.55,2.0,4.0,
0,4.0,3.0,1.0,1.0,17.6,8.4,64.0,14.1,3.0,0.0,1.0,1.55,2.0,4.0,0.0
1,4.0,3.0,1.0,1.0,17.6,8.4,64.0,14.1,5.0,0.0,1.0,1.55,2.0,4.0,0.0
2,4.0,3.0,1.0,1.0,17.6,8.4,64.0,14.1,4.0,0.0,1.0,1.55,2.0,4.0,0.0
1831,5.0,4.0,1.0,1.0,20.6,4.6,68.9,13.0,4.0,1.0,1.0,1.11,2.0,4.0,
1001,2.0,3.0,1.0,1.0,18.4,8.2,74.2,12.9,3.0,1.0,1.0,1.52,2.0,4.0,
1868,5.0,4.0,1.0,2.0,20.6,4.6,60.4,13.0,5.0,1.0,1.0,1.74,2.0,4.0,
0,5.0,4.0,1.0,2.0,20.6,4.6,60.4,13.0,4.0,1.0,1.0,1.74,2.0,4.0,0.0
1,5.0,4.0,1.0,2.0,20.6,4.6,60.4,13.0,3.0,1.0,1.0,1.74,2.0,4.0,0.0
2,5.0,4.0,1.0,2.0,20.6,4.6,60.4,13.0,5.0,1.0,1.0,1.74,2.0,4.0,0.0
35,1.0,1.0,0.0,4.0,22.2,5.1,44.23,17.5,4.0,1.0,0.0,1.04,2.0,4.0,
0,1.0,1.0,0.0,4.0,22.2,5.1,44.23,17.5,3.0,1.0,0.0,1.04,2.0,4.0,0.0
1,1.0,1.0,0.0,4.0,22.2,5.1,44.23,17.5,5.0,1.0,0.0,1.04,2.0,4.0,0.0
2,1.0,1.0,0.0,4.0,22.2,5.1,44.23,17.5,4.0,1.0,0.0,1.04,2.0,4.0,0.0
718,3.0,2.0,1.0,1.0,22.9,6.6,57.2,15.0,3.0,1.0,1.0,1.72,2.0,4.0,
0,3.0,2.0,1.0,1.0,22.9,6.6,57.2,15.0,4.0,1.0,1.0,1.72,2.0,4.0,0.0
1,3.0,2.0,1.0,1.0,22.9,6.6,57.2,15.0,3.0,1.0,1.0,1.72,2.0,4.0,0.0
2,3.0,2.0,1.0,1.0,22.9,6.6,57.2,15.0,5.0,1.0,1.0,1.72,2.0,4.0,0.0
1280,4.0,3.0,1.0,1.0,17.6,8.4,64.0,14.1,3.0,0.0,1.0,1.69,2.0,4.0,
0,4.0,3.0,1.0,1.0,17.6,8.4,64.0,14.1,5.0,0.0,1.0,1.69,2.0,4.0,0.0
1,4.0,3.0,1.0,1.0,17.6,8.4,64.0,14.1,4.0,0.0,1.0,1.69,2.0,4.0,0.0
2,4.0,3.0,1.0,1.0,17.6,8.4,64.0,14.1,3.0,0.0,1.0,1.69,2.0,4.0,0.0
454,5.0,1.0,0.0,2.0,24.2,6.0,58.9,15.1,3.0,0.0,0.0,1.4,2.0,4.0,
0,5.0,1.0,0.0,2.0,24.2,6.0,58.9,15.1,5.0,0.0,0.0,1.4,2.0,4.0,0.0
1,5.0,1.0,0.0,2.0,24.2,6.0,58.9,15.1,3.0,0.0,0.0,1.4,2.0,4.0,0.0
2,5.0,1.0,0.0,2.0,24.2,6.0,58.9,15.1,4.0,0.0,0.0,1.4,2.0,4.0,0.0
1146,3.0,3.0,1.0,1.0,21.2,5.6,62.3,14.0,3.0,1.0,1.0,1.13,2.0,4.0,
0,3.0,3.0,1.0,1.0,21.2,5.6,62.3,14.0,3.0,1.0,1.0,1.13,2.0,4.0,0.0
1,3.0,3.0,1.0,1.0,21.2,5.6,62.3,14.0,4.0,1.0,1.0,1.13,2.0,4.0,0.0
2,3.0,3.0,1.0,1.0,21.2,5.6,62.3,14.0,5.0,1.0,1.0,1.13,2.0,4.0,0.0
403,4.0,1.0,0.0,3.0,22.9,6.6,54.6,16.0,5.0,1.0,0.0,1.07,2.0,4.0,
0,4.0,1.0,0.0,3.0,22.9,6.6,54.6,16.0,4.0,1.0,0.0,1.07,2.0,4.0,0.0
1,4.0,1.0,0.0,3.0,22.9,6.6,54.6,16.0,5.0,1.0,0.0,1.07,2.0,4.0,0.0
2,4.0,1.0,0.0,3.0,22.9,6.6,54.6,16.0,3.0,1.0,0.0,1.07,2.0,4.0,0.0
1520,2.0,4.0,1.0,2.0,19.6,6.6,65.2,14.1,4.0,1.0,1.0,1.33,2.0,1.0,
0,2.0,4.0,1.0,2.0,19.6,6.6,65.2,14.1,4.0,1.0,1.0,1.33,2.0,1.0,0.0
1,2.0,4.0,1.0,2.0,19.6,6.6,65.2,14.1,3.0,1.0,1.0,1.33,2.0,1.0,0.0
2,2.0,4.0,1.0,2.0,19.6,6.6,65.2,14.1,5.0,1.0,1.0,1.33,2.0,1.0,0.0
1616,3.0,4.0,1.0,2.0,20.0,8.8,67.4,13.0,4.0,1.0,0.0,1.43,2.0,4.0,
0,3.0,4.0,1.0,2.0,20.0,8.8,67.4,13.0,4.0,1.0,0.0,1.43,2.0,4.0,0.0
1,3.0,4.0,1.0,2.0,20.0,8.8,67.4,13.0,3.0,1.0,0.0,1.43,2.0,4.0,0.0
2,3.0,4.0,1.0,2.0,20.0,8.8,67.4,13.0,5.0,1.0,0.0,1.43,2.0,4.0,0.0
1916,1.0,5.0,1.0,3.0,20.8,4.2,58.9,14.9,3.0,0.0,1.0,1.69,2.0,4.0,
0,1.0,5.0,1.0,3.0,20.8,4.2,58.9,14.9,4.0,0.0,1.0,1.69,2.0,4.0,0.0
1,1.0,5.0,1.0,3.0,20.8,4.2,58.9,14.9,5.0,0.0,1.0,1.69,2.0,4.0,0.0
513,5.0,1.0,0.0,3.0,24.2,6.0,61.0,15.6,5.0,0.0,0.0,1.21,2.0,4.0,
0,5.0,1.0,0.0,3.0,24.2,6.0,61.0,15.6,4.0,0.0,0.0,1.21,2.0,4.0,0.0
1,5.0,1.0,0.0,3.0,24.2,6.0,61.0,15.6,3.0,0.0,0.0,1.21,2.0,4.0,0.0
2,5.0,1.0,0.0,3.0,24.2,6.0,61.0,15.6,5.0,0.0,0.0,1.21,2.0,4.0,0.0
1611,3.0,4.0,1.0,1.0,20.0,8.8,60.5,13.6,3.0,0.0,1.0,1.55,2.0,4.0,
0,3.0,4.0,1.0,1.0,20.0,8.8,60.5,13.6,4.0,0.0,1.0,1.55,2.0,4.0,0.0
1,3.0,4.0,1.0,1.0,20.0,8.8,60.5,13.6,5.0,0.0,1.0,1.55,2.0,4.0,0.0
2,3.0,4.0,1.0,1.0,20.0,8.8,60.5,13.6,3.0,0.0,1.0,1.55,2.0,4.0,0.0
453,5.0,1.0,0.0,2.0,24.2,6.0,58.9,15.1,3.0,1.0,0.0,1.21,1.0,4.0,
0,5.0,1.0,0.0,2.0,24.2,6.0,58.9,15.1,5.0,1.0,0.0,1.21,1.0,4.0,0.0
1,5.0,1.0,0.0,2.0,24.2,6.0,58.9,15.1,3.0,1.0,0.0,1.21,1.0,4.0,0.0
2,5.0,1.0,0.0,2.0,24.2,6.0,58.9,15.1,4.0,1.0,0.0,1.21,1.0,4.0,0.0
1934,1.0,5.0,1.0,4.0,20.8,4.2,59.1,15.0,4.0,1.0,1.0,1.69,2.0,4.0,
0,1.0,5.0,1.0,4.0,20.8,4.2,59.1,15.0,4.0,1.0,1.0,1.69,2.0,4.0,0.0
1,1.0,5.0,1.0,4.0,20.8,4.2,59.1,15.0,5.0,1.0,1.0,1.69,2.0,4.0,0.0
2,1.0,5.0,1.0,4.0,20.8,4.2,59.1,15.0,3.0,1.0,1.0,1.69,2.0,4.0,0.0
1755,4.0,4.0,1.0,1.0,20.8,4.2,75.6,13.2,4.0,0.0,0.0,1.26,2.0,4.0,
0,4.0,4.0,1.0,1.0,20.8,4.2,75.6,13.2,4.0,0.0,0.0,1.26,2.0,4.0,0.0
1,4.0,4.0,1.0,1.0,20.8,4.2,75.6,13.2,3.0,0.0,0.0,1.26,2.0,4.0,0.0
2,4.0,4.0,1.0,1.0,20.8,4.2,75.6,13.2,5.0,0.0,0.0,1.26,2.0,4.0,0.0
576,1.0,2.0,1.0,1.0,20.5,5.0,63.8,14.5,3.0,1.0,1.0,1.55,2.0,4.0,
0,1.0,2.0,1.0,1.0,20.5,5.0,63.8,14.5,4.0,1.0,1.0,1.55,2.0,4.0,0.0
1,1.0,2.0,1.0,1.0,20.5,5.0,63.8,14.5,5.0,1.0,1.0,1.55,2.0,4.0,0.0
2,1.0,2.0,1.0,1.0,20.5,5.0,63.8,14.5,3.0,1.0,1.0,1.55,2.0,4.0,0.0
118,2.0,1.0,0.0,4.0,20.5,5.0,66.39,15.6,3.0,0.0,0.0,1.57,3.0,4.0,
0,2.0,1.0,0.0,4.0,20.5,5.0,66.39,15.6,4.0,0.0,0.0,1.57,3.0,4.0,0.0
62,1.0,1.0,0.0,6.0,22.2,5.1,47.8,16.9,5.0,0.0,0.0,1.07,2.0,4.0,
0,1.0,1.0,0.0,6.0,22.2,5.1,47.8,16.9,3.0,0.0,0.0,1.07,2.0,4.0,0.0
1,1.0,1.0,0.0,6.0,22.2,5.1,47.8,16.9,4.0,0.0,0.0,1.07,2.0,4.0,0.0
2,1.0,1.0,0.0,6.0,22.2,5.1,47.8,16.9,5.0,0.0,0.0,1.07,2.0,4.0,0.0
704,3.0,2.0,1.0,1.0,22.9,6.6,57.2,15.0,3.0,1.0,1.0,1.52,2.0,4.0,
0,3.0,2.0,1.0,1.0,22.9,6.6,57.2,15.0,5.0,1.0,1.0,1.52,2.0,4.0,0.0
1,3.0,2.0,1.0,1.0,22.9,6.6,57.2,15.0,3.0,1.0,1.0,1.52,2.0,4.0,0.0
2,3.0,2.0,1.0,1.0,22.9,6.6,57.2,15.0,4.0,1.0,1.0,1.52,2.0,4.0,0.0
1664,3.0,4.0,1.0,2.0,20.0,8.8,55.8,13.3,5.0,0.0,1.0,1.02,2.0,4.0,
0,3.0,4.0,1.0,2.0,20.0,8.8,55.8,13.3,3.0,0.0,1.0,1.02,2.0,4.0,0.0
1,3.0,4.0,1.0,2.0,20.0,8.8,55.8,13.3,5.0,0.0,1.0,1.02,2.0,4.0,0.0
2,3.0,4.0,1.0,2.0,20.0,8.8,55.8,13.3,4.0,0.0,1.0,1.02,2.0,4.0,0.0
1311,4.0,3.0,1.0,2.0,17.6,8.4,62.2,14.0,4.0,1.0,1.0,1.5,2.0,4.0,
0,4.0,3.0,1.0,2.0,17.6,8.4,62.2,14.0,3.0,1.0,1.0,1.5,2.0,4.0,0.0
1,4.0,3.0,1.0,2.0,17.6,8.4,62.2,14.0,4.0,1.0,1.0,1.5,2.0,4.0,0.0
2,4.0,3.0,1.0,2.0,17.6,8.4,62.2,14.0,5.0,1.0,1.0,1.5,2.0,4.0,0.0
228,3.0,1.0,0.0,3.0,22.2,5.2,60.4,13.8,3.0,1.0,0.0,1.04,2.0,4.0,
0,3.0,1.0,0.0,3.0,22.2,5.2,60.4,13.8,4.0,1.0,0.0,1.04,2.0,4.0,0.0
1,3.0,1.0,0.0,3.0,22.2,5.2,60.4,13.8,3.0,1.0,0.0,1.04,2.0,4.0,0.0
2,3.0,1.0,0.0,3.0,22.2,5.2,60.4,13.8,5.0,1.0,0.0,1.04,2.0,4.0,0.0
1828,5.0,4.0,1.0,1.0,20.6,4.6,68.9,13.0,4.0,1.0,1.0,1.33,2.0,4.0,
0,5.0,4.0,1.0,1.0,20.6,4.6,68.9,13.0,5.0,1.0,1.0,1.33,2.0,4.0,0.0
15,1.0,1.0,0.0,3.0,22.2,5.1,55.1,14.5,3.0,1.0,0.0,1.4,2.0,4.0,
0,1.0,1.0,0.0,3.0,22.2,5.1,55.1,14.5,4.0,1.0,0.0,1.4,2.0,4.0,0.0
1,1.0,1.0,0.0,3.0,22.2,5.1,55.1,14.5,3.0,1.0,0.0,1.4,2.0,4.0,0.0
2,1.0,1.0,0.0,3.0,22.2,5.1,55.1,14.5,5.0,1.0,0.0,1.4,2.0,4.0,0.0
1166,3.0,3.0,1.0,2.0,21.2,5.6,61.4,14.0,4.0,1.0,1.0,1.33,3.0,1.0,
829,4.0,2.0,1.0,1.0,24.2,6.0,59.9,15.4,4.0,0.0,1.0,1.55,2.0,2.0,
0,4.0,2.0,1.0,1.0,24.2,6.0,59.9,15.4,3.0,0.0,1.0,1.55,2.0,2.0,0.0
1,4.0,2.0,1.0,1.0,24.2,6.0,59.9,15.4,4.0,0.0,1.0,1.55,2.0,2.0,0.0
2,4.0,2.0,1.0,1.0,24.2,6.0,59.9,15.4,5.0,0.0,1.0,1.55,2.0,2.0,0.0
1650,3.0,4.0,1.0,2.0,20.0,8.8,67.4,13.0,4.0,0.0,0.0,1.07,2.0,4.0,
0,3.0,4.0,1.0,2.0,20.0,8.8,67.4,13.0,3.0,0.0,0.0,1.07,2.0,4.0,0.0
1,3.0,4.0,1.0,2.0,20.0,8.8,67.4,13.0,4.0,0.0,0.0,1.07,2.0,4.0,0.0
2,3.0,4.0,1.0,2.0,20.0,8.8,67.4,13.0,5.0,0.0,0.0,1.07,2.0,4.0,0.0
611,2.0,2.0,1.0,1.0,22.2,5.2,63.8,14.6,3.0,1.0,1.0,1.72,2.0,4.0,
0,2.0,2.0,1.0,1.0,22.2,5.2,63.8,14.6,5.0,1.0,1.0,1.72,2.0,4.0,0.0
1,2.0,2.0,1.0,1.0,22.2,5.2,63.8,14.6,3.0,1.0,1.0,1.72,2.0,4.0,0.0
2,2.0,2.0,1.0,1.0,22.2,5.2,63.8,14.6,4.0,1.0,1.0,1.72,2.0,4.0,0.0
1838,5.0,4.0,1.0,1.0,20.6,4.6,68.9,13.0,4.0,1.0,1.0,1.24,2.0,1.0,
0,5.0,4.0,1.0,1.0,20.6,4.6,68.9,13.0,5.0,1.0,1.0,1.24,2.0,1.0,0.0
1,5.0,4.0,1.0,1.0,20.6,4.6,68.9,13.0,4.0,1.0,1.0,1.24,2.0,1.0,0.0
2,5.0,4.0,1.0,1.0,20.6,4.6,68.9,13.0,3.0,1.0,1.0,1.24,2.0,1.0,0.0
796,4.0,2.0,1.0,1.0,24.2,6.0,60.3,15.8,3.0,0.0,0.0,1.43,2.0,2.0,
0,4.0,2.0,1.0,1.0,24.2,6.0,60.3,15.8,3.0,0.0,0.0,1.43,2.0,2.0,0.0
1,4.0,2.0,1.0,1.0,24.2,6.0,60.3,15.8,4.0,0.0,0.0,1.43,2.0,2.0,0.0
2,4.0,2.0,1.0,1.0,24.2,6.0,60.3,15.8,5.0,0.0,0.0,1.43,2.0,2.0,0.0
1901,1.0,5.0,1.0,3.0,20.8,4.2,58.9,14.9,3.0,1.0,1.0,1.77,2.0,4.0,
0,1.0,5.0,1.0,3.0,20.8,4.2,58.9,14.9,5.0,1.0,1.0,1.77,2.0,4.0,0.0
1,1.0,5.0,1.0,3.0,20.8,4.2,58.9,14.9,3.0,1.0,1.0,1.77,2.0,4.0,0.0
2,1.0,5.0,1.0,3.0,20.8,4.2,58.9,14.9,4.0,1.0,1.0,1.77,2.0,4.0,0.0
1818,5.0,4.0,1.0,1.0,20.6,4.6,68.9,13.7,3.0,1.0,1.0,1.71,2.0,4.0,
0,5.0,4.0,1.0,1.0,20.6,4.6,68.9,13.7,3.0,1.0,1.0,1.71,2.0,4.0,0.0
1518,2.0,4.0,1.0,2.0,19.6,6.6,65.2,14.1,4.0,0.0,1.0,1.33,2.0,4.0,
0,2.0,4.0,1.0,2.0,19.6,6.6,65.2,14.1,5.0,0.0,1.0,1.33,2.0,4.0,0.0
1593,3.0,4.0,1.0,1.0,20.0,8.8,60.5,13.6,3.0,1.0,1.0,1.55,2.0,4.0,
0,3.0,4.0,1.0,1.0,20.0,8.8,60.5,13.6,3.0,1.0,1.0,1.55,2.0,4.0,0.0
1,3.0,4.0,1.0,1.0,20.0,8.8,60.5,13.6,4.0,1.0,1.0,1.55,2.0,4.0,0.0
2,3.0,4.0,1.0,1.0,20.0,8.8,60.5,13.6,5.0,1.0,1.0,1.55,2.0,4.0,0.0
519,5.0,1.0,0.0,3.0,24.2,6.0,61.0,15.6,5.0,1.0,0.0,1.57,2.0,4.0,
0,5.0,1.0,0.0,3.0,24.2,6.0,61.0,15.6,5.0,1.0,0.0,1.57,2.0,4.0,0.0
1,5.0,1.0,0.0,3.0,24.2,6.0,61.0,15.6,4.0,1.0,0.0,1.57,2.0,4.0,0.0
2,5.0,1.0,0.0,3.0,24.2,6.0,61.0,15.6,3.0,1.0,0.0,1.57,2.0,4.0,0.0
617,2.0,2.0,1.0,1.0,22.2,5.2,65.0,14.6,3.0,0.0,1.0,1.63,2.0,2.0,
0,2.0,2.0,1.0,1.0,22.2,5.2,65.0,14.6,4.0,0.0,1.0,1.63,2.0,2.0,0.0
1,2.0,2.0,1.0,1.0,22.2,5.2,65.0,14.6,5.0,0.0,1.0,1.63,2.0,2.0,0.0
2,2.0,2.0,1.0,1.0,22.2,5.2,65.0,14.6,3.0,0.0,1.0,1.63,2.0,2.0,0.0
566,1.0,2.0,1.0,1.0,20.5,5.0,64.7,14.5,3.0,0.0,1.0,1.1,2.0,4.0,
0,1.0,2.0,1.0,1.0,20.5,5.0,64.7,14.5,3.0,0.0,1.0,1.1,2.0,4.0,0.0
1,1.0,2.0,1.0,1.0,20.5,5.0,64.7,14.5,4.0,0.0,1.0,1.1,2.0,4.0,0.0
2,1.0,2.0,1.0,1.0,20.5,5.0,64.7,14.5,5.0,0.0,1.0,1.1,2.0,4.0,0.0
573,1.0,2.0,1.0,1.0,20.5,5.0,64.7,14.5,3.0,1.0,1.0,1.38,1.0,4.0,
0,1.0,2.0,1.0,1.0,20.5,5.0,64.7,14.5,5.0,1.0,1.0,1.38,1.0,4.0,0.0
1,1.0,2.0,1.0,1.0,20.5,5.0,64.7,14.5,3.0,1.0,1.0,1.38,1.0,4.0,0.0
2,1.0,2.0,1.0,1.0,20.5,5.0,64.7,14.5,4.0,1.0,1.0,1.38,1.0,4.0,0.0
1391,1.0,4.0,1.0,3.0,22.4,4.7,72.0,14.5,3.0,1.0,1.0,1.5,2.0,4.0,
0,1.0,4.0,1.0,3.0,22.4,4.7,72.0,14.5,5.0,1.0,1.0,1.5,2.0,4.0,0.0
1,1.0,4.0,1.0,3.0,22.4,4.7,72.0,14.5,3.0,1.0,1.0,1.5,2.0,4.0,0.0
2,1.0,4.0,1.0,3.0,22.4,4.7,72.0,14.5,4.0,1.0,1.0,1.5,2.0,4.0,0.0
1397,1.0,4.0,1.0,3.0,22.4,4.7,72.0,14.5,3.0,1.0,1.0,1.69,2.0,1.0,
0,1.0,4.0,1.0,3.0,22.4,4.7,72.0,14.5,3.0,1.0,1.0,1.69,2.0,1.0,0.0
1,1.0,4.0,1.0,3.0,22.4,4.7,72.0,14.5,5.0,1.0,1.0,1.69,2.0,1.0,0.0
2,1.0,4.0,1.0,3.0,22.4,4.7,72.0,14.5,4.0,1.0,1.0,1.69,2.0,1.0,0.0
224,3.0,1.0,0.0,3.0,22.2,5.2,60.6,13.8,3.0,0.0,0.0,1.21,2.0,4.0,
0,3.0,1.0,0.0,3.0,22.2,5.2,60.6,13.8,4.0,0.0,0.0,1.21,2.0,4.0,0.0
1,3.0,1.0,0.0,3.0,22.2,5.2,60.6,13.8,3.0,0.0,0.0,1.21,2.0,4.0,0.0
2,3.0,1.0,0.0,3.0,22.2,5.2,60.6,13.8,5.0,0.0,0.0,1.21,2.0,4.0,0.0
1709,4.0,4.0,1.0,1.0,20.8,4.2,74.4,13.6,3.0,0.0,0.0,1.07,2.0,4.0,
0,4.0,4.0,1.0,1.0,20.8,4.2,74.4,13.6,5.0,0.0,0.0,1.07,2.0,4.0,0.0
1,4.0,4.0,1.0,1.0,20.8,4.2,74.4,13.6,3.0,0.0,0.0,1.07,2.0,4.0,0.0
2,4.0,4.0,1.0,1.0,20.8,4.2,74.4,13.6,4.0,0.0,0.0,1.07,2.0,4.0,0.0
1079,2.0,3.0,1.0,2.0,18.4,8.2,68.3,12.8,5.0,1.0,1.0,1.41,2.0,4.0,
0,2.0,3.0,1.0,2.0,18.4,8.2,68.3,12.8,4.0,1.0,1.0,1.41,2.0,4.0,0.0
1,2.0,3.0,1.0,2.0,18.4,8.2,68.3,12.8,3.0,1.0,1.0,1.41,2.0,4.0,0.0
2,2.0,3.0,1.0,2.0,18.4,8.2,68.3,12.8,5.0,1.0,1.0,1.41,2.0,4.0,0.0
1629,3.0,4.0,1.0,2.0,20.0,8.8,67.4,13.0,4.0,0.0,0.0,1.21,2.0,2.0,
0,3.0,4.0,1.0,2.0,20.0,8.8,67.4,13.0,4.0,0.0,0.0,1.21,2.0,2.0,0.0
1,3.0,4.0,1.0,2.0,20.0,8.8,67.4,13.0,5.0,0.0,0.0,1.21,2.0,2.0,0.0
2,3.0,4.0,1.0,2.0,20.0,8.8,67.4,13.0,3.0,0.0,0.0,1.21,2.0,2.0,0.0
1522,2.0,4.0,1.0,2.0,19.6,6.6,65.2,14.1,4.0,1.0,1.0,1.27,2.0,4.0,
0,2.0,4.0,1.0,2.0,19.6,6.6,65.2,14.1,3.0,1.0,1.0,1.27,2.0,4.0,0.0
1,2.0,4.0,1.0,2.0,19.6,6.6,65.2,14.1,4.0,1.0,1.0,1.27,2.0,4.0,0.0
2,2.0,4.0,1.0,2.0,19.6,6.6,65.2,14.1,5.0,1.0,1.0,1.27,2.0,4.0,0.0
1782,4.0,4.0,1.0,2.0,20.8,4.2,69.3,14.2,5.0,1.0,1.0,1.47,2.0,4.0,
971,1.0,3.0,1.0,3.0,22.4,10.1,46.3,17.0,5.0,0.0,1.0,1.69,2.0,1.0,
0,1.0,3.0,1.0,3.0,22.4,10.1,46.3,17.0,3.0,0.0,1.0,1.69,2.0,1.0,0.0
1,1.0,3.0,1.0,3.0,22.4,10.1,46.3,17.0,4.0,0.0,1.0,1.69,2.0,1.0,0.0
2,1.0,3.0,1.0,3.0,22.4,10.1,46.3,17.0,5.0,0.0,1.0,1.69,2.0,1.0,0.0
153,2.0,1.0,0.0,5.0,20.5,5.0,65.8,15.1,4.0,0.0,0.0,1.57,2.0,4.0,
0,2.0,1.0,0.0,5.0,20.5,5.0,65.8,15.1,4.0,0.0,0.0,1.57,2.0,4.0,0.0
1,2.0,1.0,0.0,5.0,20.5,5.0,65.8,15.1,3.0,0.0,0.0,1.57,2.0,4.0,0.0
2,2.0,1.0,0.0,5.0,20.5,5.0,65.8,15.1,5.0,0.0,0.0,1.57,2.0,4.0,0.0
1176,3.0,3.0,1.0,2.0,21.2,5.6,61.4,14.0,4.0,1.0,1.0,1.41,2.0,4.0,
0,3.0,3.0,1.0,2.0,21.2,5.6,61.4,14.0,5.0,1.0,1.0,1.41,2.0,4.0,0.0
1,3.0,3.0,1.0,2.0,21.2,5.6,61.4,14.0,3.0,1.0,1.0,1.41,2.0,4.0,0.0
2,3.0,3.0,1.0,2.0,21.2,5.6,61.4,14.0,4.0,1.0,1.0,1.41,2.0,4.0,0.0
1117,3.0,3.0,1.0,1.0,21.2,5.6,62.3,14.0,3.0,1.0,1.0,1.55,2.0,4.0,
0,3.0,3.0,1.0,1.0,21.2,5.6,62.3,14.0,5.0,1.0,1.0,1.55,2.0,4.0,0.0
1,3.0,3.0,1.0,1.0,21.2,5.6,62.3,14.0,3.0,1.0,1.0,1.55,2.0,4.0,0.0
2,3.0,3.0,1.0,1.0,21.2,5.6,62.3,14.0,4.0,1.0,1.0,1.55,2.0,4.0,0.0
814,4.0,2.0,1.0,1.0,24.2,6.0,59.9,15.4,4.0,1.0,1.0,1.6,2.0,4.0,
0,4.0,2.0,1.0,1.0,24.2,6.0,59.9,15.4,4.0,1.0,1.0,1.6,2.0,4.0,0.0
1,4.0,2.0,1.0,1.0,24.2,6.0,59.9,15.4,5.0,1.0,1.0,1.6,2.0,4.0,0.0
2,4.0,2.0,1.0,1.0,24.2,6.0,59.9,15.4,3.0,1.0,1.0,1.6,2.0,4.0,0.0
1919,1.0,5.0,1.0,3.0,20.8,4.2,58.9,14.9,3.0,0.0,1.0,1.41,2.0,1.0,
0,1.0,5.0,1.0,3.0,20.8,4.2,58.9,14.9,4.0,0.0,1.0,1.41,2.0,1.0,0.0
1,1.0,5.0,1.0,3.0,20.8,4.2,58.9,14.9,3.0,0.0,1.0,1.41,2.0,1.0,0.0
2,1.0,5.0,1.0,3.0,20.8,4.2,58.9,14.9,5.0,0.0,1.0,1.41,2.0,1.0,0.0
1854,5.0,4.0,1.0,1.0,20.6,4.6,65.4,13.0,4.0,0.0,1.0,1.16,2.0,4.0,
56,1.0,1.0,0.0,4.0,22.2,5.1,44.23,17.5,4.0,1.0,0.0,1.12,3.0,4.0,
0,1.0,1.0,0.0,4.0,22.2,5.1,44.23,17.5,3.0,1.0,0.0,1.12,3.0,4.0,0.0
1,1.0,1.0,0.0,4.0,22.2,5.1,44.23,17.5,4.0,1.0,0.0,1.12,3.0,4.0,0.0
2,1.0,1.0,0.0,4.0,22.2,5.1,44.23,17.5,5.0,1.0,0.0,1.12,3.0,4.0,0.0
142,2.0,1.0,0.0,5.0,20.5,5.0,65.8,15.1,4.0,1.0,0.0,1.43,1.0,4.0,
1676,3.0,4.0,1.0,2.0,20.0,8.8,55.8,13.3,5.0,0.0,1.0,1.55,2.0,4.0,
0,3.0,4.0,1.0,2.0,20.0,8.8,55.8,13.3,5.0,0.0,1.0,1.55,2.0,4.0,0.0
1,3.0,4.0,1.0,2.0,20.0,8.8,55.8,13.3,3.0,0.0,1.0,1.55,2.0,4.0,0.0
2,3.0,4.0,1.0,2.0,20.0,8.8,55.8,13.3,4.0,0.0,1.0,1.55,2.0,4.0,0.0
630,2.0,2.0,1.0,1.0,22.2,5.2,65.0,14.6,3.0,1.0,1.0,1.69,1.0,4.0,
0,2.0,2.0,1.0,1.0,22.2,5.2,65.0,14.6,5.0,1.0,1.0,1.69,1.0,4.0,0.0
1,2.0,2.0,1.0,1.0,22.2,5.2,65.0,14.6,4.0,1.0,1.0,1.69,1.0,4.0,0.0
2,2.0,2.0,1.0,1.0,22.2,5.2,65.0,14.6,3.0,1.0,1.0,1.69,1.0,4.0,0.0
203,2.0,1.0,0.0,5.0,20.5,5.0,60.6,15.3,5.0,0.0,0.0,1.21,2.0,4.0,
0,2.0,1.0,0.0,5.0,20.5,5.0,60.6,15.3,3.0,0.0,0.0,1.21,2.0,4.0,0.0
1,2.0,1.0,0.0,5.0,20.5,5.0,60.6,15.3,4.0,0.0,0.0,1.21,2.0,4.0,0.0
2,2.0,1.0,0.0,5.0,20.5,5.0,60.6,15.3,5.0,0.0,0.0,1.21,2.0,4.0,0.0
1437,1.0,4.0,1.0,4.0,22.4,4.7,65.2,14.4,4.0,0.0,1.0,1.33,2.0,2.0,
0,1.0,4.0,1.0,4.0,22.4,4.7,65.2,14.4,4.0,0.0,1.0,1.33,2.0,2.0,0.0
1,1.0,4.0,1.0,4.0,22.4,4.7,65.2,14.4,5.0,0.0,1.0,1.33,2.0,2.0,0.0
2,1.0,4.0,1.0,4.0,22.4,4.7,65.2,14.4,3.0,0.0,1.0,1.33,2.0,2.0,0.0
312,4.0,1.0,0.0,3.0,22.9,6.6,58.2,14.0,3.0,0.0,0.0,1.21,2.0,4.0,
0,4.0,1.0,0.0,3.0,22.9,6.6,58.2,14.0,4.0,0.0,0.0,1.21,2.0,4.0,0.0
1,4.0,1.0,0.0,3.0,22.9,6.6,58.2,14.0,3.0,0.0,0.0,1.21,2.0,4.0,0.0
633,2.0,2.0,1.0,1.0,22.2,5.2,65.0,14.6,3.0,1.0,1.0,1.63,2.0,1.0,
0,2.0,2.0,1.0,1.0,22.2,5.2,65.0,14.6,4.0,1.0,1.0,1.63,2.0,1.0,0.0
1,2.0,2.0,1.0,1.0,22.2,5.2,65.0,14.6,5.0,1.0,1.0,1.63,2.0,1.0,0.0
2,2.0,2.0,1.0,1.0,22.2,5.2,65.0,14.6,3.0,1.0,1.0,1.63,2.0,1.0,0.0
480,5.0,1.0,0.0,2.0,24.2,6.0,58.9,15.6,4.0,0.0,0.0,1.4,2.0,4.0,
0,5.0,1.0,0.0,2.0,24.2,6.0,58.9,15.6,5.0,0.0,0.0,1.4,2.0,4.0,0.0
1,5.0,1.0,0.0,2.0,24.2,6.0,58.9,15.6,3.0,0.0,0.0,1.4,2.0,4.0,0.0
2,5.0,1.0,0.0,2.0,24.2,6.0,58.9,15.6,4.0,0.0,0.0,1.4,2.0,4.0,0.0
2014,2.0,5.0,1.0,3.0,20.6,4.6,56.7,14.1,4.0,1.0,0.0,1.07,2.0,4.0,
0,2.0,5.0,1.0,3.0,20.6,4.6,56.7,14.1,4.0,1.0,0.0,1.07,2.0,4.0,0.0
1,2.0,5.0,1.0,3.0,20.6,4.6,56.7,14.1,3.0,1.0,0.0,1.07,2.0,4.0,0.0
2,2.0,5.0,1.0,3.0,20.6,4.6,56.7,14.1,5.0,1.0,0.0,1.07,2.0,4.0,0.0
1619,3.0,4.0,1.0,2.0,20.0,8.8,67.4,13.0,4.0,1.0,0.0,1.07,2.0,4.0,
0,3.0,4.0,1.0,2.0,20.0,8.8,67.4,13.0,3.0,1.0,0.0,1.07,2.0,4.0,0.0
1410,1.0,4.0,1.0,3.0,22.4,4.7,72.0,14.5,3.0,0.0,1.0,1.5,2.0,3.0,
0,1.0,4.0,1.0,3.0,22.4,4.7,72.0,14.5,4.0,0.0,1.0,1.5,2.0,3.0,0.0
1,1.0,4.0,1.0,3.0,22.4,4.7,72.0,14.5,3.0,0.0,1.0,1.5,2.0,3.0,0.0
2,1.0,4.0,1.0,3.0,22.4,4.7,72.0,14.5,5.0,0.0,1.0,1.5,2.0,3.0,0.0
1481,2.0,4.0,1.0,1.0,19.6,6.6,59.6,14.8,3.0,1.0,1.0,1.69,2.0,1.0,
527,5.0,1.0,0.0,3.0,24.2,6.0,61.0,15.6,5.0,0.0,0.0,1.04,2.0,1.0,
0,5.0,1.0,0.0,3.0,24.2,6.0,61.0,15.6,4.0,0.0,0.0,1.04,2.0,1.0,0.0
1,5.0,1.0,0.0,3.0,24.2,6.0,61.0,15.6,5.0,0.0,0.0,1.04,2.0,1.0,0.0
2,5.0,1.0,0.0,3.0,24.2,6.0,61.0,15.6,3.0,0.0,0.0,1.04,2.0,1.0,0.0
760,3.0,2.0,1.0,1.0,22.9,6.6,60.0,14.1,4.0,1.0,1.0,1.38,2.0,2.0,
0,3.0,2.0,1.0,1.0,22.9,6.6,60.0,14.1,5.0,1.0,1.0,1.38,2.0,2.0,0.0
1,3.0,2.0,1.0,1.0,22.9,6.6,60.0,14.1,3.0,1.0,1.0,1.38,2.0,2.0,0.0
2,3.0,2.0,1.0,1.0,22.9,6.6,60.0,14.1,4.0,1.0,1.0,1.38,2.0,2.0,0.0
1483,2.0,4.0,1.0,1.0,19.6,6.6,59.6,14.8,3.0,1.0,1.0,1.69,2.0,1.0,
659,2.0,2.0,1.0,1.0,22.2,5.2,56.9,13.5,4.0,1.0,1.0,1.24,2.0,4.0,
1048,2.0,3.0,1.0,2.0,18.4,8.2,73.0,13.0,4.0,1.0,1.0,1.38,2.0,4.0,
0,2.0,3.0,1.0,2.0,18.4,8.2,73.0,13.0,5.0,1.0,1.0,1.38,2.0,4.0,0.0
1,2.0,3.0,1.0,2.0,18.4,8.2,73.0,13.0,4.0,1.0,1.0,1.38,2.0,4.0,0.0
2,2.0,3.0,1.0,2.0,18.4,8.2,73.0,13.0,3.0,1.0,1.0,1.38,2.0,4.0,0.0
1420,1.0,4.0,1.0,4.0,22.4,4.7,65.2,14.4,4.0,0.0,1.0,1.69,2.0,1.0,
0,1.0,4.0,1.0,4.0,22.4,4.7,65.2,14.4,5.0,0.0,1.0,1.69,2.0,1.0,0.0
1,1.0,4.0,1.0,4.0,22.4,4.7,65.2,14.4,4.0,0.0,1.0,1.69,2.0,1.0,0.0
2,1.0,4.0,1.0,4.0,22.4,4.7,65.2,14.4,3.0,0.0,1.0,1.69,2.0,1.0,0.0
826,4.0,2.0,1.0,1.0,24.2,6.0,59.9,15.4,4.0,1.0,1.0,1.19,2.0,4.0,
0,4.0,2.0,1.0,1.0,24.2,6.0,59.9,15.4,4.0,1.0,1.0,1.19,2.0,4.0,0.0
1,4.0,2.0,1.0,1.0,24.2,6.0,59.9,15.4,5.0,1.0,1.0,1.19,2.0,4.0,0.0
2,4.0,2.0,1.0,1.0,24.2,6.0,59.9,15.4,3.0,1.0,1.0,1.19,2.0,4.0,0.0
218,3.0,1.0,0.0,3.0,22.2,5.2,60.6,13.8,3.0,1.0,0.0,1.29,2.0,4.0,
0,3.0,1.0,0.0,3.0,22.2,5.2,60.6,13.8,3.0,1.0,0.0,1.29,2.0,4.0,0.0
1,3.0,1.0,0.0,3.0,22.2,5.2,60.6,13.8,4.0,1.0,0.0,1.29,2.0,4.0,0.0
2,3.0,1.0,0.0,3.0,22.2,5.2,60.6,13.8,5.0,1.0,0.0,1.29,2.0,4.0,0.0
1640,3.0,4.0,1.0,2.0,20.0,8.8,67.4,13.0,4.0,1.0,0.0,1.12,2.0,4.0,
1745,4.0,4.0,1.0,1.0,20.8,4.2,75.6,13.2,4.0,0.0,0.0,1.4,2.0,4.0,
343,4.0,1.0,0.0,3.0,22.9,6.6,60.3,14.0,3.0,0.0,0.0,1.21,1.0,4.0,
0,4.0,1.0,0.0,3.0,22.9,6.6,60.3,14.0,3.0,0.0,0.0,1.21,1.0,4.0,0.0
1,4.0,1.0,0.0,3.0,22.9,6.6,60.3,14.0,4.0,0.0,0.0,1.21,1.0,4.0,0.0
2,4.0,1.0,0.0,3.0,22.9,6.6,60.3,14.0,5.0,0.0,0.0,1.21,1.0,4.0,0.0
1964,1.0,5.0,1.0,4.0,20.8,4.2,59.1,15.1,5.0,0.0,1.0,1.55,2.0,4.0,
0,1.0,5.0,1.0,4.0,20.8,4.2,59.1,15.1,4.0,0.0,1.0,1.55,2.0,4.0,0.0
1,1.0,5.0,1.0,4.0,20.8,4.2,59.1,15.1,3.0,0.0,1.0,1.55,2.0,4.0,0.0
2,1.0,5.0,1.0,4.0,20.8,4.2,59.1,15.1,5.0,0.0,1.0,1.55,2.0,4.0,0.0
40,1.0,1.0,0.0,4.0,22.2,5.1,44.23,17.5,4.0,1.0,0.0,1.04,2.0,4.0,
0,1.0,1.0,0.0,4.0,22.2,5.1,44.23,17.5,3.0,1.0,0.0,1.04,2.0,4.0,0.0
1,1.0,1.0,0.0,4.0,22.2,5.1,44.23,17.5,5.0,1.0,0.0,1.04,2.0,4.0,0.0
2,1.0,1.0,0.0,4.0,22.2,5.1,44.23,17.5,4.0,1.0,0.0,1.04,2.0,4.0,0.0
1088,2.0,3.0,1.0,2.0,18.4,8.2,68.3,12.8,5.0,1.0,1.0,1.36,2.0,4.0,
0,2.0,3.0,1.0,2.0,18.4,8.2,68.3,12.8,3.0,1.0,1.0,1.36,2.0,4.0,0.0
1,2.0,3.0,1.0,2.0,18.4,8.2,68.3,12.8,5.0,1.0,1.0,1.36,2.0,4.0,0.0
2,2.0,3.0,1.0,2.0,18.4,8.2,68.3,12.8,4.0,1.0,1.0,1.36,2.0,4.0,0.0
996,2.0,3.0,1.0,1.0,18.4,8.2,74.2,12.9,3.0,0.0,1.0,1.55,2.0,4.0,
0,2.0,3.0,1.0,1.0,18.4,8.2,74.2,12.9,3.0,0.0,1.0,1.55,2.0,4.0,0.0
1,2.0,3.0,1.0,1.0,18.4,8.2,74.2,12.9,5.0,0.0,1.0,1.55,2.0,4.0,0.0
2,2.0,3.0,1.0,1.0,18.4,8.2,74.2,12.9,4.0,0.0,1.0,1.55,2.0,4.0,0.0
790,4.0,2.0,1.0,1.0,24.2,6.0,60.3,15.8,3.0,1.0,0.0,1.57,2.0,1.0,
0,4.0,2.0,1.0,1.0,24.2,6.0,60.3,15.8,3.0,1.0,0.0,1.57,2.0,1.0,0.0
1,4.0,2.0,1.0,1.0,24.2,6.0,60.3,15.8,5.0,1.0,0.0,1.57,2.0,1.0,0.0
2,4.0,2.0,1.0,1.0,24.2,6.0,60.3,15.8,4.0,1.0,0.0,1.57,2.0,1.0,0.0
67,1.0,1.0,0.0,6.0,22.2,5.1,47.8,16.9,5.0,0.0,0.0,1.4,2.0,4.0,
0,1.0,1.0,0.0,6.0,22.2,5.1,47.8,16.9,3.0,0.0,0.0,1.4,2.0,4.0,0.0
1,1.0,1.0,0.0,6.0,22.2,5.1,47.8,16.9,4.0,0.0,0.0,1.4,2.0,4.0,0.0
2,1.0,1.0,0.0,6.0,22.2,5.1,47.8,16.9,5.0,0.0,0.0,1.4,2.0,4.0,0.0
1136,3.0,3.0,1.0,1.0,21.2,5.6,62.3,14.0,3.0,0.0,1.0,1.69,2.0,4.0,
0,3.0,3.0,1.0,1.0,21.2,5.6,62.3,14.0,3.0,0.0,1.0,1.69,2.0,4.0,0.0
1,3.0,3.0,1.0,1.0,21.2,5.6,62.3,14.0,5.0,0.0,1.0,1.69,2.0,4.0,0.0
2,3.0,3.0,1.0,1.0,21.2,5.6,62.3,14.0,4.0,0.0,1.0,1.69,2.0,4.0,0.0
1341,4.0,3.0,1.0,2.0,17.6,8.4,62.2,14.0,4.0,1.0,1.0,1.69,2.0,4.0,
1024,2.0,3.0,1.0,2.0,18.4,8.2,73.0,13.0,4.0,0.0,1.0,1.69,2.0,4.0,
0,2.0,3.0,1.0,2.0,18.4,8.2,73.0,13.0,5.0,0.0,1.0,1.69,2.0,4.0,0.0
1,2.0,3.0,1.0,2.0,18.4,8.2,73.0,13.0,4.0,0.0,1.0,1.69,2.0,4.0,0.0
2,2.0,3.0,1.0,2.0,18.4,8.2,73.0,13.0,3.0,0.0,1.0,1.69,2.0,4.0,0.0
207,3.0,1.0,0.0,3.0,22.2,5.2,60.6,13.8,3.0,1.0,0.0,1.43,3.0,4.0,
1994,2.0,5.0,1.0,3.0,20.6,4.6,56.7,13.9,4.0,1.0,0.0,1.4,2.0,1.0,
0,2.0,5.0,1.0,3.0,20.6,4.6,56.7,13.9,4.0,1.0,0.0,1.4,2.0,1.0,0.0
1726,4.0,4.0,1.0,1.0,20.8,4.2,75.6,13.2,4.0,0.0,0.0,1.43,2.0,4.0,
1727,4.0,4.0,1.0,1.0,20.8,4.2,75.6,13.2,4.0,0.0,0.0,1.4,2.0,1.0,
444,5.0,1.0,0.0,2.0,24.2,6.0,53.3,15.1,3.0,0.0,0.0,1.4,2.0,4.0,
0,5.0,1.0,0.0,2.0,24.2,6.0,53.3,15.1,3.0,0.0,0.0,1.4,2.0,4.0,0.0
1,5.0,1.0,0.0,2.0,24.2,6.0,53.3,15.1,4.0,0.0,0.0,1.4,2.0,4.0,0.0
2,5.0,1.0,0.0,2.0,24.2,6.0,53.3,15.1,5.0,0.0,0.0,1.4,2.0,4.0,0.0
1264,4.0,3.0,1.0,1.0,17.6,8.4,64.0,14.1,3.0,1.0,1.0,1.69,2.0,4.0,
0,4.0,3.0,1.0,1.0,17.6,8.4,64.0,14.1,3.0,1.0,1.0,1.69,2.0,4.0,0.0
709,3.0,2.0,1.0,1.0,22.9,6.6,57.2,15.0,3.0,1.0,1.0,1.63,2.0,4.0,
0,3.0,2.0,1.0,1.0,22.9,6.6,57.2,15.0,5.0,1.0,1.0,1.63,2.0,4.0,0.0
1,3.0,2.0,1.0,1.0,22.9,6.6,57.2,15.0,4.0,1.0,1.0,1.63,2.0,4.0,0.0
2,3.0,2.0,1.0,1.0,22.9,6.6,57.2,15.0,3.0,1.0,1.0,1.63,2.0,4.0,0.0
6,1.0,1.0,0.0,3.0,22.2,5.1,55.1,14.5,3.0,0.0,0.0,1.21,2.0,2.0,
0,1.0,1.0,0.0,3.0,22.2,5.1,55.1,14.5,3.0,0.0,0.0,1.21,2.0,2.0,0.0
1,1.0,1.0,0.0,3.0,22.2,5.1,55.1,14.5,4.0,0.0,0.0,1.21,2.0,2.0,0.0
2,1.0,1.0,0.0,3.0,22.2,5.1,55.1,14.5,5.0,0.0,0.0,1.21,2.0,2.0,0.0
59,1.0,1.0,0.0,4.0,22.2,5.1,44.23,17.5,4.0,0.0,0.0,1.4,2.0,4.0,
0,1.0,1.0,0.0,4.0,22.2,5.1,44.23,17.5,3.0,0.0,0.0,1.4,2.0,4.0,0.0
1,1.0,1.0,0.0,4.0,22.2,5.1,44.23,17.5,4.0,0.0,0.0,1.4,2.0,4.0,0.0
2,1.0,1.0,0.0,4.0,22.2,5.1,44.23,17.5,5.0,0.0,0.0,1.4,2.0,4.0,0.0
1544,2.0,4.0,1.0,2.0,19.6,6.6,60.7,13.0,5.0,0.0,0.0,1.57,2.0,4.0,
0,2.0,4.0,1.0,2.0,19.6,6.6,60.7,13.0,4.0,0.0,0.0,1.57,2.0,4.0,0.0
1,2.0,4.0,1.0,2.0,19.6,6.6,60.7,13.0,3.0,0.0,0.0,1.57,2.0,4.0,0.0
2,2.0,4.0,1.0,2.0,19.6,6.6,60.7,13.0,5.0,0.0,0.0,1.57,2.0,4.0,0.0
1127,3.0,3.0,1.0,1.0,21.2,5.6,62.3,14.0,3.0,1.0,1.0,1.52,2.0,4.0,
0,3.0,3.0,1.0,1.0,21.2,5.6,62.3,14.0,5.0,1.0,1.0,1.52,2.0,4.0,0.0
1,3.0,3.0,1.0,1.0,21.2,5.6,62.3,14.0,3.0,1.0,1.0,1.52,2.0,4.0,0.0
2,3.0,3.0,1.0,1.0,21.2,5.6,62.3,14.0,4.0,1.0,1.0,1.52,2.0,4.0,0.0
1558,2.0,4.0,1.0,2.0,19.6,6.6,60.7,13.0,5.0,0.0,0.0,1.21,2.0,4.0,
0,2.0,4.0,1.0,2.0,19.6,6.6,60.7,13.0,3.0,0.0,0.0,1.21,2.0,4.0,0.0
1,2.0,4.0,1.0,2.0,19.6,6.6,60.7,13.0,4.0,0.0,0.0,1.21,2.0,4.0,0.0
2,2.0,4.0,1.0,2.0,19.6,6.6,60.7,13.0,5.0,0.0,0.0,1.21,2.0,4.0,0.0
1411,1.0,4.0,1.0,4.0,22.4,4.7,65.2,14.5,4.0,0.0,1.0,1.02,1.0,1.0,
0,1.0,4.0,1.0,4.0,22.4,4.7,65.2,14.5,4.0,0.0,1.0,1.02,1.0,1.0,0.0
1,1.0,4.0,1.0,4.0,22.4,4.7,65.2,14.5,3.0,0.0,1.0,1.02,1.0,1.0,0.0
2,1.0,4.0,1.0,4.0,22.4,4.7,65.2,14.5,5.0,0.0,1.0,1.02,1.0,1.0,0.0
1572,2.0,4.0,1.0,2.0,19.6,6.6,60.7,13.0,5.0,1.0,0.0,1.07,2.0,4.0,
0,2.0,4.0,1.0,2.0,19.6,6.6,60.7,13.0,4.0,1.0,0.0,1.07,2.0,4.0,0.0
1,2.0,4.0,1.0,2.0,19.6,6.6,60.7,13.0,3.0,1.0,0.0,1.07,2.0,4.0,0.0
1204,3.0,3.0,1.0,2.0,21.2,5.6,61.4,14.0,4.0,1.0,1.0,1.02,2.0,4.0,
0,3.0,3.0,1.0,2.0,21.2,5.6,61.4,14.0,5.0,1.0,1.0,1.02,2.0,4.0,0.0
1,3.0,3.0,1.0,2.0,21.2,5.6,61.4,14.0,4.0,1.0,1.0,1.02,2.0,4.0,0.0
2,3.0,3.0,1.0,2.0,21.2,5.6,61.4,14.0,3.0,1.0,1.0,1.02,2.0,4.0,0.0
93,1.0,1.0,0.0,6.0,22.2,5.1,47.8,16.9,5.0,1.0,0.0,1.43,2.0,4.0,
1071,2.0,3.0,1.0,2.0,18.4,8.2,68.3,12.8,5.0,0.0,1.0,1.33,2.0,4.0,
0,2.0,3.0,1.0,2.0,18.4,8.2,68.3,12.8,5.0,0.0,1.0,1.33,2.0,4.0,0.0
1,2.0,3.0,1.0,2.0,18.4,8.2,68.3,12.8,3.0,0.0,1.0,1.33,2.0,4.0,0.0
2,2.0,3.0,1.0,2.0,18.4,8.2,68.3,12.8,4.0,0.0,1.0,1.33,2.0,4.0,0.0
1141,3.0,3.0,1.0,1.0,21.2,5.6,62.3,14.0,3.0,0.0,1.0,1.52,2.0,4.0,
0,3.0,3.0,1.0,1.0,21.2,5.6,62.3,14.0,4.0,0.0,1.0,1.52,2.0,4.0,0.0
1,3.0,3.0,1.0,1.0,21.2,5.6,62.3,14.0,5.0,0.0,1.0,1.52,2.0,4.0,0.0
380,4.0,1.0,0.0,3.0,22.9,6.6,54.6,14.0,4.0,1.0,0.0,1.57,2.0,4.0,
0,4.0,1.0,0.0,3.0,22.9,6.6,54.6,14.0,4.0,1.0,0.0,1.57,2.0,4.0,0.0
1,4.0,1.0,0.0,3.0,22.9,6.6,54.6,14.0,5.0,1.0,0.0,1.57,2.0,4.0,0.0
2,4.0,1.0,0.0,3.0,22.9,6.6,54.6,14.0,3.0,1.0,0.0,1.57,2.0,4.0,0.0
934,1.0,3.0,1.0,2.0,22.4,10.1,48.6,17.0,4.0,1.0,1.0,1.16,1.0,4.0,
0,1.0,3.0,1.0,2.0,22.4,10.1,48.6,17.0,3.0,1.0,1.0,1.16,1.0,4.0,0.0
1,1.0,3.0,1.0,2.0,22.4,10.1,48.6,17.0,5.0,1.0,1.0,1.16,1.0,4.0,0.0
2,1.0,3.0,1.0,2.0,22.4,10.1,48.6,17.0,4.0,1.0,1.0,1.16,1.0,4.0,0.0
1937,1.0,5.0,1.0,4.0,20.8,4.2,59.1,15.0,4.0,0.0,1.0,1.69,2.0,4.0,
0,1.0,5.0,1.0,4.0,20.8,4.2,59.1,15.0,3.0,0.0,1.0,1.69,2.0,4.0,0.0
1,1.0,5.0,1.0,4.0,20.8,4.2,59.1,15.0,4.0,0.0,1.0,1.69,2.0,4.0,0.0
2,1.0,5.0,1.0,4.0,20.8,4.2,59.1,15.0,5.0,0.0,1.0,1.69,2.0,4.0,0.0
713,3.0,2.0,1.0,1.0,22.9,6.6,57.2,15.0,3.0,0.0,1.0,1.82,2.0,4.0,
0,3.0,2.0,1.0,1.0,22.9,6.6,57.2,15.0,5.0,0.0,1.0,1.82,2.0,4.0,0.0
1,3.0,2.0,1.0,1.0,22.9,6.6,57.2,15.0,4.0,0.0,1.0,1.82,2.0,4.0,0.0
2,3.0,2.0,1.0,1.0,22.9,6.6,57.2,15.0,3.0,0.0,1.0,1.82,2.0,4.0,0.0
279,3.0,1.0,0.0,4.0,22.2,5.2,58.2,14.9,5.0,0.0,0.0,0.9,2.0,4.0,
0,3.0,1.0,0.0,4.0,22.2,5.2,58.2,14.9,3.0,0.0,0.0,0.9,2.0,4.0,0.0
1,3.0,1.0,0.0,4.0,22.2,5.2,58.2,14.9,5.0,0.0,0.0,0.9,2.0,4.0,0.0
2,3.0,1.0,0.0,4.0,22.2,5.2,58.2,14.9,4.0,0.0,0.0,0.9,2.0,4.0,0.0
1942,1.0,5.0,1.0,4.0,20.8,4.2,59.1,15.0,4.0,1.0,1.0,1.33,2.0,1.0,
0,1.0,5.0,1.0,4.0,20.8,4.2,59.1,15.0,4.0,1.0,1.0,1.33,2.0,1.0,0.0
134,2.0,1.0,0.0,5.0,20.5,5.0,66.39,15.1,4.0,0.0,0.0,1.4,2.0,4.0,
0,2.0,1.0,0.0,5.0,20.5,5.0,66.39,15.1,5.0,0.0,0.0,1.4,2.0,4.0,0.0
1,2.0,1.0,0.0,5.0,20.5,5.0,66.39,15.1,3.0,0.0,0.0,1.4,2.0,4.0,0.0
2,2.0,1.0,0.0,5.0,20.5,5.0,66.39,15.1,4.0,0.0,0.0,1.4,2.0,4.0,0.0
1501,2.0,4.0,1.0,1.0,19.6,6.6,59.6,14.8,3.0,1.0,1.0,1.55,2.0,1.0,
0,2.0,4.0,1.0,1.0,19.6,6.6,59.6,14.8,4.0,1.0,1.0,1.55,2.0,1.0,0.0
1,2.0,4.0,1.0,1.0,19.6,6.6,59.6,14.8,5.0,1.0,1.0,1.55,2.0,1.0,0.0
2,2.0,4.0,1.0,1.0,19.6,6.6,59.6,14.8,3.0,1.0,1.0,1.55,2.0,1.0,0.0
145,2.0,1.0,0.0,5.0,20.5,5.0,65.8,15.1,4.0,1.0,0.0,1.21,2.0,4.0,
0,2.0,1.0,0.0,5.0,20.5,5.0,65.8,15.1,3.0,1.0,0.0,1.21,2.0,4.0,0.0
1,2.0,1.0,0.0,5.0,20.5,5.0,65.8,15.1,4.0,1.0,0.0,1.21,2.0,4.0,0.0
2,2.0,1.0,0.0,5.0,20.5,5.0,65.8,15.1,5.0,1.0,0.0,1.21,2.0,4.0,0.0
530,5.0,1.0,0.0,3.0,24.2,6.0,64.7,15.6,5.0,0.0,0.0,1.07,2.0,4.0,
0,5.0,1.0,0.0,3.0,24.2,6.0,64.7,15.6,3.0,0.0,0.0,1.07,2.0,4.0,0.0
1,5.0,1.0,0.0,3.0,24.2,6.0,64.7,15.6,4.0,0.0,0.0,1.07,2.0,4.0,0.0
1414,1.0,4.0,1.0,4.0,22.4,4.7,65.2,14.4,4.0,0.0,1.0,1.69,2.0,4.0,
2035,2.0,5.0,1.0,3.0,20.6,4.6,52.4,14.9,5.0,1.0,0.0,1.29,2.0,4.0,
569,1.0,2.0,1.0,1.0,20.5,5.0,64.7,14.5,3.0,1.0,1.0,1.55,2.0,4.0,
0,1.0,2.0,1.0,1.0,20.5,5.0,64.7,14.5,5.0,1.0,1.0,1.55,2.0,4.0,0.0
1,1.0,2.0,1.0,1.0,20.5,5.0,64.7,14.5,3.0,1.0,1.0,1.55,2.0,4.0,0.0
458,5.0,1.0,0.0,2.0,24.2,6.0,58.9,15.1,3.0,0.0,0.0,1.26,2.0,4.0,
0,5.0,1.0,0.0,2.0,24.2,6.0,58.9,15.1,3.0,0.0,0.0,1.26,2.0,4.0,0.0
1,5.0,1.0,0.0,2.0,24.2,6.0,58.9,15.1,5.0,0.0,0.0,1.26,2.0,4.0,0.0
2,5.0,1.0,0.0,2.0,24.2,6.0,58.9,15.1,4.0,0.0,0.0,1.26,2.0,4.0,0.0
1443,1.0,4.0,1.0,4.0,22.4,4.7,65.2,14.4,4.0,1.0,1.0,1.52,2.0,4.0,
0,1.0,4.0,1.0,4.0,22.4,4.7,65.2,14.4,4.0,1.0,1.0,1.52,2.0,4.0,0.0
1,1.0,4.0,1.0,4.0,22.4,4.7,65.2,14.4,3.0,1.0,1.0,1.52,2.0,4.0,0.0
2,1.0,4.0,1.0,4.0,22.4,4.7,65.2,14.4,5.0,1.0,1.0,1.52,2.0,4.0,0.0
885,1.0,3.0,1.0,1.0,22.4,10.1,49.9,16.7,3.0,1.0,1.0,1.52,2.0,4.0,
0,1.0,3.0,1.0,1.0,22.4,10.1,49.9,16.7,3.0,1.0,1.0,1.52,2.0,4.0,0.0
1,1.0,3.0,1.0,1.0,22.4,10.1,49.9,16.7,5.0,1.0,1.0,1.52,2.0,4.0,0.0
2,1.0,3.0,1.0,1.0,22.4,10.1,49.9,16.7,4.0,1.0,1.0,1.52,2.0,4.0,0.0
20,1.0,1.0,0.0,3.0,22.2,5.1,55.1,14.5,3.0,1.0,0.0,1.43,2.0,4.0,
0,1.0,1.0,0.0,3.0,22.2,5.1,55.1,14.5,3.0,1.0,0.0,1.43,2.0,4.0,0.0
1,1.0,1.0,0.0,3.0,22.2,5.1,55.1,14.5,5.0,1.0,0.0,1.43,2.0,4.0,0.0
2,1.0,1.0,0.0,3.0,22.2,5.1,55.1,14.5,4.0,1.0,0.0,1.43,2.0,4.0,0.0
1808,5.0,4.0,1.0,1.0,20.6,4.6,68.8,13.7,3.0,1.0,1.0,1.74,2.0,4.0,
0,5.0,4.0,1.0,1.0,20.6,4.6,68.8,13.7,4.0,1.0,1.0,1.74,2.0,4.0,0.0
1,5.0,4.0,1.0,1.0,20.6,4.6,68.8,13.7,5.0,1.0,1.0,1.74,2.0,4.0,0.0
2,5.0,4.0,1.0,1.0,20.6,4.6,68.8,13.7,3.0,1.0,1.0,1.74,2.0,4.0,0.0
1503,2.0,4.0,1.0,1.0,19.6,6.6,59.6,14.8,3.0,1.0,1.0,1.55,2.0,4.0,
0,2.0,4.0,1.0,1.0,19.6,6.6,59.6,14.8,3.0,1.0,1.0,1.55,2.0,4.0,0.0
1,2.0,4.0,1.0,1.0,19.6,6.6,59.6,14.8,4.0,1.0,1.0,1.55,2.0,4.0,0.0
2,2.0,4.0,1.0,1.0,19.6,6.6,59.6,14.8,5.0,1.0,1.0,1.55,2.0,4.0,0.0
55,1.0,1.0,0.0,4.0,22.2,5.1,44.23,17.5,4.0,1.0,0.0,1.04,2.0,4.0,
0,1.0,1.0,0.0,4.0,22.2,5.1,44.23,17.5,3.0,1.0,0.0,1.04,2.0,4.0,0.0
1,1.0,1.0,0.0,4.0,22.2,5.1,44.23,17.5,4.0,1.0,0.0,1.04,2.0,4.0,0.0
2,1.0,1.0,0.0,4.0,22.2,5.1,44.23,17.5,5.0,1.0,0.0,1.04,2.0,4.0,0.0
1716,4.0,4.0,1.0,1.0,20.8,4.2,74.4,13.6,3.0,1.0,0.0,1.21,2.0,1.0,
0,4.0,4.0,1.0,1.0,20.8,4.2,74.4,13.6,4.0,1.0,0.0,1.21,2.0,1.0,0.0
1,4.0,4.0,1.0,1.0,20.8,4.2,74.4,13.6,5.0,1.0,0.0,1.21,2.0,1.0,0.0
2,4.0,4.0,1.0,1.0,20.8,4.2,74.4,13.6,3.0,1.0,0.0,1.21,2.0,1.0,0.0
1386,1.0,4.0,1.0,3.0,22.4,4.7,72.0,13.4,3.0,1.0,1.0,1.69,2.0,4.0,
0,1.0,4.0,1.0,3.0,22.4,4.7,72.0,13.4,3.0,1.0,1.0,1.69,2.0,4.0,0.0
830,4.0,2.0,1.0,1.0,24.2,6.0,59.9,15.4,4.0,1.0,1.0,1.18,2.0,4.0,
0,4.0,2.0,1.0,1.0,24.2,6.0,59.9,15.4,3.0,1.0,1.0,1.18,2.0,4.0,0.0
986,2.0,3.0,1.0,1.0,18.4,8.2,74.2,12.9,3.0,1.0,1.0,1.36,3.0,4.0,
1064,2.0,3.0,1.0,2.0,18.4,8.2,73.0,13.0,4.0,1.0,1.0,1.18,2.0,4.0,
0,2.0,3.0,1.0,2.0,18.4,8.2,73.0,13.0,4.0,1.0,1.0,1.18,2.0,4.0,0.0
1,2.0,3.0,1.0,2.0,18.4,8.2,73.0,13.0,5.0,1.0,1.0,1.18,2.0,4.0,0.0
2,2.0,3.0,1.0,2.0,18.4,8.2,73.0,13.0,3.0,1.0,1.0,1.18,2.0,4.0,0.0
1308,4.0,3.0,1.0,2.0,17.6,8.4,62.2,14.0,4.0,0.0,1.0,1.74,2.0,4.0,
0,4.0,3.0,1.0,2.0,17.6,8.4,62.2,14.0,5.0,0.0,1.0,1.74,2.0,4.0,0.0
1,4.0,3.0,1.0,2.0,17.6,8.4,62.2,14.0,4.0,0.0,1.0,1.74,2.0,4.0,0.0
2,4.0,3.0,1.0,2.0,17.6,8.4,62.2,14.0,3.0,0.0,1.0,1.74,2.0,4.0,0.0
797,4.0,2.0,1.0,1.0,24.2,6.0,60.3,15.8,3.0,1.0,0.0,1.43,2.0,4.0,
0,4.0,2.0,1.0,1.0,24.2,6.0,60.3,15.8,5.0,1.0,0.0,1.43,2.0,4.0,0.0
1,4.0,2.0,1.0,1.0,24.2,6.0,60.3,15.8,3.0,1.0,0.0,1.43,2.0,4.0,0.0
2,4.0,2.0,1.0,1.0,24.2,6.0,60.3,15.8,4.0,1.0,0.0,1.43,2.0,4.0,0.0
2,1.0,1.0,0.0,3.0,22.2,5.1,55.1,14.5,3.0,0.0,0.0,1.21,1.0,2.0,
0,1.0,1.0,0.0,3.0,22.2,5.1,55.1,14.5,4.0,0.0,0.0,1.21,1.0,2.0,0.0
1,1.0,1.0,0.0,3.0,22.2,5.1,55.1,14.5,5.0,0.0,0.0,1.21,1.0,2.0,0.0
2,1.0,1.0,0.0,3.0,22.2,5.1,55.1,14.5,3.0,0.0,0.0,1.21,1.0,2.0,0.0
1015,2.0,3.0,1.0,1.0,18.4,8.2,74.2,12.9,3.0,1.0,1.0,1.72,2.0,4.0,
777,4.0,2.0,1.0,1.0,24.2,6.0,60.3,15.8,3.0,1.0,0.0,1.23,1.0,2.0,
114,2.0,1.0,0.0,4.0,20.5,5.0,66.39,15.6,3.0,0.0,0.0,1.57,2.0,4.0,
0,2.0,1.0,0.0,4.0,20.5,5.0,66.39,15.6,3.0,0.0,0.0,1.57,2.0,4.0,0.0
1,2.0,1.0,0.0,4.0,20.5,5.0,66.39,15.6,5.0,0.0,0.0,1.57,2.0,4.0,0.0
2,2.0,1.0,0.0,4.0,20.5,5.0,66.39,15.6,4.0,0.0,0.0,1.57,2.0,4.0,0.0
1816,5.0,4.0,1.0,1.0,20.6,4.6,68.8,13.7,3.0,1.0,1.0,1.77,2.0,4.0,
0,5.0,4.0,1.0,1.0,20.6,4.6,68.8,13.7,3.0,1.0,1.0,1.77,2.0,4.0,0.0
1,5.0,4.0,1.0,1.0,20.6,4.6,68.8,13.7,4.0,1.0,1.0,1.77,2.0,4.0,0.0
2,5.0,4.0,1.0,1.0,20.6,4.6,68.8,13.7,5.0,1.0,1.0,1.77,2.0,4.0,0.0
1936,1.0,5.0,1.0,4.0,20.8,4.2,59.1,15.0,4.0,1.0,1.0,1.49,2.0,4.0,
998,2.0,3.0,1.0,1.0,18.4,8.2,74.2,12.9,3.0,1.0,1.0,1.55,3.0,4.0,
1552,2.0,4.0,1.0,2.0,19.6,6.6,60.7,13.0,5.0,0.0,0.0,1.04,2.0,4.0,
83,1.0,1.0,0.0,6.0,22.2,5.1,47.8,16.9,5.0,1.0,0.0,1.48,2.0,4.0,
1188,3.0,3.0,1.0,2.0,21.2,5.6,61.4,14.0,4.0,1.0,1.0,1.55,2.0,4.0,
0,3.0,3.0,1.0,2.0,21.2,5.6,61.4,14.0,5.0,1.0,1.0,1.55,2.0,4.0,0.0
1,3.0,3.0,1.0,2.0,21.2,5.6,61.4,14.0,3.0,1.0,1.0,1.55,2.0,4.0,0.0
2,3.0,3.0,1.0,2.0,21.2,5.6,61.4,14.0,4.0,1.0,1.0,1.55,2.0,4.0,0.0
1237,3.0,3.0,1.0,2.0,21.2,5.6,60.9,14.0,5.0,0.0,1.0,1.55,2.0,4.0,
0,3.0,3.0,1.0,2.0,21.2,5.6,60.9,14.0,5.0,0.0,1.0,1.55,2.0,4.0,0.0
1,3.0,3.0,1.0,2.0,21.2,5.6,60.9,14.0,4.0,0.0,1.0,1.55,2.0,4.0,0.0
2,3.0,3.0,1.0,2.0,21.2,5.6,60.9,14.0,3.0,0.0,1.0,1.55,2.0,4.0,0.0
1475,2.0,4.0,1.0,1.0,19.6,6.6,59.6,13.1,3.0,1.0,1.0,1.33,2.0,4.0,
0,2.0,4.0,1.0,1.0,19.6,6.6,59.6,13.1,3.0,1.0,1.0,1.33,2.0,4.0,0.0
1,2.0,4.0,1.0,1.0,19.6,6.6,59.6,13.1,4.0,1.0,1.0,1.33,2.0,4.0,0.0
2,2.0,4.0,1.0,1.0,19.6,6.6,59.6,13.1,5.0,1.0,1.0,1.33,2.0,4.0,0.0
